v_id,constructor,veh_type,brand,veh_model,energy,power_kw,el_consumpt_whkm,year,fuel_consumption,electric_range_(km),purchase_price_eur,5yr_energy_cost_eur,5yr_maintenance_cost_eur,5yr_depreciation_loss_eur,battery_replacement_cost_eur,5yr_tco_eur
1,VW-SAIC,5N,"VOLKSWAGEN, VW",TIGUAN,diesel,110,0,2021,6,0,35000,6480.0,2500,12250.0,0,56230.0
2,VW-SAIC,7N,"VOLKSWAGEN, VW",SHARAN,petrol,110,0,2021,9,0,30000,9720.0,2500,10500.0,0,52720.0
3,VW-SAIC,A1,"VOLKSWAGEN, VW",T-ROC,petrol,110,0,2021,6,0,30000,6480.0,2500,10500.0,0,49480.0
4,VW-SAIC,C1,"VOLKSWAGEN, VW",T-CROSS,petrol,110,0,2021,6,0,30000,6480.0,2500,10500.0,0,49480.0
5,VW-SAIC,3H,"VOLKSWAGEN, VW",ARTEON,petrol,110,0,2021,6,0,30000,6480.0,2500,10500.0,0,49480.0
6,VW-SAIC,CD,"VOLKSWAGEN, VW",GOLF,petrol,110,0,2021,6,0,30000,6480.0,2500,10500.0,0,49480.0
7,VW-SAIC,AW,"VOLKSWAGEN, VW",POLO,petrol,110,0,2021,6,0,30000,6480.0,2500,10500.0,0,49480.0
8,VW-SAIC,3C,"VOLKSWAGEN, VW",PASSAT,petrol,110,0,2021,6,0,30000,6480.0,2500,10500.0,0,49480.0
9,VW-SAIC,1T,"VOLKSWAGEN, VW",TOURAN,petrol,110,0,2021,6,0,30000,6480.0,2500,10500.0,0,49480.0
10,VW-SAIC,2K,"VOLKSWAGEN, VW",CADDY,diesel,110,0,2021,6,0,35000,6480.0,2500,12250.0,0,56230.0
11,VW-SAIC,7HC,"VOLKSWAGEN, VW",KOMBI,diesel,110,0,2021,6,0,35000,6480.0,2500,12250.0,0,56230.0
12,VW-SAIC,7HC,"VOLKSWAGEN, VW",MULTIVAN,diesel,110,0,2021,6,0,35000,6480.0,2500,12250.0,0,56230.0
13,VW-SAIC,7HC,"VOLKSWAGEN, VW",CALIFORNIA,diesel,110,0,2021,9,0,35000,9720.0,2500,12250.0,0,59470.0
14,VW-SAIC,7HC,"VOLKSWAGEN, VW",CALIFORNIA BEACH,diesel,110,0,2021,8,0,35000,8640.000000000002,2500,12250.0,0,58390.0
15,VW-SAIC,F3,AUDI,Q3 SPORTBACK,diesel,110,0,2021,7,0,35000,7560.000000000002,2500,12250.0,0,57310.0
16,VW-SAIC,F3,AUDI,Q3,diesel,110,0,2021,7,0,35000,7560.000000000002,2500,12250.0,0,57310.0
17,VW-SAIC,GY,AUDI,A3 SPORTBACK,diesel,110,0,2021,5,0,35000,5400.000000000001,2500,12250.0,0,55150.0
18,VW-SAIC,5FP,SEAT,ATECA,diesel,110,0,2021,6,0,35000,6480.0,2500,12250.0,0,56230.0
19,VW-SAIC,7N,SEAT,ALHAMBRA,diesel,110,0,2021,6,0,35000,6480.0,2500,12250.0,0,56230.0
20,VW-SAIC,KL,SEAT,LEON SPORTSTOURER,diesel,110,0,2021,6,0,35000,6480.0,2500,12250.0,0,56230.0
21,VW-SAIC,KL,SEAT,LEON,diesel,110,0,2021,6,0,35000,6480.0,2500,12250.0,0,56230.0
22,VW-SAIC,GA,AUDI,Q2,diesel,110,0,2021,6,0,35000,6480.0,2500,12250.0,0,56230.0
23,VW-SAIC,GY,AUDI,A3 LIMOUSINE,diesel,110,0,2021,5,0,35000,5400.000000000001,2500,12250.0,0,55150.0
24,VW-SAIC,5F,SEAT,LEON SPORTOURER ST,diesel,110,0,2021,6,0,35000,6480.0,2500,12250.0,0,56230.0
25,VW-SAIC,NX,SKODA,OCTAVIA,diesel,110,0,2021,4,0,35000,4320.000000000001,2500,12250.0,0,54070.0
26,VW-SAIC,NX,SKODA,OCTAVIA SCOUT,diesel,110,0,2021,5,0,35000,5400.000000000001,2500,12250.0,0,55150.0
27,VW-SAIC,NS,SKODA,KODIAQ,diesel,110,0,2021,5,0,35000,5400.000000000001,2500,12250.0,0,55150.0
28,VW-SAIC,NU,SKODA,KAROQ,diesel,110,0,2021,5,0,35000,5400.000000000001,2500,12250.0,0,55150.0
29,VW-SAIC,3T,SKODA,SUPERB,diesel,110,0,2021,6,0,35000,6480.0,2500,12250.0,0,56230.0
30,VW-SAIC,B8,AUDI,A4 AVANT,petrol,110,0,2021,7,0,30000,7560.000000000002,2500,10500.0,0,50560.0
31,VW-SAIC,B8,AUDI,A4 LIMOUSINE,petrol,110,0,2021,6,0,30000,6480.0,2500,10500.0,0,49480.0
32,VW-SAIC,B8,AUDI,A5 SPORTBACK,petrol,110,0,2021,7,0,30000,7560.000000000002,2500,10500.0,0,50560.0
33,VW-SAIC,B8,AUDI,A5 COUPE,petrol,110,0,2021,6,0,30000,6480.0,2500,10500.0,0,49480.0
34,VW-SAIC,GB,AUDI,A1 CITYCARVER,petrol,110,0,2021,7,0,30000,7560.000000000002,2500,10500.0,0,50560.0
35,VW-SAIC,GB,AUDI,A1 SPORTBACK,petrol,110,0,2021,7,0,30000,7560.000000000002,2500,10500.0,0,50560.0
36,VW-SAIC,8V,AUDI,A3 CABRIOLET,petrol,110,0,2021,7,0,30000,7560.000000000002,2500,10500.0,0,50560.0
37,VW-SAIC,KN,SEAT,TARRACO,petrol,110,0,2021,6,0,30000,6480.0,2500,10500.0,0,49480.0
38,VW-SAIC,KJ,SEAT,ARONA,petrol,110,0,2021,6,0,30000,6480.0,2500,10500.0,0,49480.0
39,VW-SAIC,KL,SEAT,SEAT LEON,petrol,110,0,2021,6,0,30000,6480.0,2500,10500.0,0,49480.0
40,VW-SAIC,KL,SEAT,SEAT LEON SP,petrol,110,0,2021,6,0,30000,6480.0,2500,10500.0,0,49480.0
41,VW-SAIC,5FP,SEAT,SEAT ATECA,petrol,110,0,2021,6,0,30000,6480.0,2500,10500.0,0,49480.0
42,VW-SAIC,NW,SKODA,SCALA,petrol,110,0,2021,6,0,30000,6480.0,2500,10500.0,0,49480.0
43,VW-SAIC,NW,SKODA,KAMIQ,petrol,110,0,2021,6,0,30000,6480.0,2500,10500.0,0,49480.0
44,VW-SAIC,KJ,SEAT,IBIZA,petrol,85,0,2021,6,0,30000,6480.0,2500,10500.0,0,49480.0
45,VW-SAIC,982,PORSCHE,718 CAYMAN T,petrol,220,0,2021,11,0,30000,11880.0,2500,10500.0,0,54880.0
46,VW-SAIC,971,PORSCHE,PANAMERA,petrol,243,0,2021,11,0,30000,11880.0,2500,10500.0,0,54880.0
47,VW-SAIC,971,PORSCHE,PANAMERA GTS,petrol,338,0,2021,11,0,30000,11880.0,2500,10500.0,0,54880.0
48,VW-SAIC,982,PORSCHE,718 CAYMAN,petrol,220,0,2021,11,0,30000,11880.0,2500,10500.0,0,54880.0
49,VW-SAIC,982,PORSCHE,718 CAYMAN GTS,petrol,269,0,2021,9,0,30000,9720.0,2500,10500.0,0,52720.0
50,VW-SAIC,982,PORSCHE,718 CAYMAN GT4,petrol,309,0,2021,11,0,30000,11880.0,2500,10500.0,0,54880.0
51,VW-SAIC,982,PORSCHE,718 CAYMAN S,petrol,257,0,2021,10,0,30000,10800.000000000002,2500,10500.0,0,53800.0
52,VW-SAIC,982,PORSCHE,718 BOXSTER T,petrol,220,0,2021,9,0,30000,9720.0,2500,10500.0,0,52720.0
53,VW-SAIC,992,PORSCHE,911 GT3,petrol,375,0,2021,11,0,30000,11880.0,2500,10500.0,0,54880.0
54,VW-SAIC,997,PORSCHE,911 GT3 RS,petrol,305,0,2021,11,0,30000,11880.0,2500,10500.0,0,54880.0
55,VW-SAIC,992,PORSCHE,911 CARRERA 4,petrol,283,0,2021,10,0,30000,10800.000000000002,2500,10500.0,0,53800.0
56,VW-SAIC,992,PORSCHE,911 CARRERA S,petrol,331,0,2021,11,0,30000,11880.0,2500,10500.0,0,54880.0
57,VW-SAIC,992,PORSCHE,911 CARRERA 4S,petrol,331,0,2021,11,0,30000,11880.0,2500,10500.0,0,54880.0
58,VW-SAIC,992,PORSCHE,911 TURBO S,petrol,478,0,2021,12,0,30000,12960.0,2500,10500.0,0,55960.0
59,VW-SAIC,95B,PORSCHE,MACAN S,petrol,260,0,2021,11,0,30000,11880.0,2500,10500.0,0,54880.0
60,VW-SAIC,95B,PORSCHE,MACAN GTS,petrol,280,0,2021,11,0,30000,11880.0,2500,10500.0,0,54880.0
61,VW-SAIC,95B,PORSCHE,MACAN,petrol,180,0,2021,11,0,30000,11880.0,2500,10500.0,0,54880.0
62,VW-SAIC,9YA,PORSCHE,CAYENNE,petrol,250,0,2021,11,0,30000,11880.0,2500,10500.0,0,54880.0
63,VW-SAIC,9YA,PORSCHE,CAYENNE S,petrol,324,0,2021,11,0,30000,11880.0,2500,10500.0,0,54880.0
64,VW-SAIC,9YA,PORSCHE,CAYENNE GTS,petrol,338,0,2021,13,0,30000,14040.0,2500,10500.0,0,57040.0
65,VW-SAIC,991,PORSCHE,911 TARGA 4S,petrol,309,0,2021,11,0,30000,11880.0,2500,10500.0,0,54880.0
66,VW-SAIC,NX,SKODA,OCTAVIA RS,diesel,147,0,2021,5,0,35000,5400.000000000001,2500,12250.0,0,55150.0
67,VW-SAIC,5J,SKODA,FABIA,petrol,70,0,2021,5,0,30000,5400.000000000001,2500,10500.0,0,48400.0
68,VW-SAIC,991,PORSCHE,911 CARRERA 4 GTS,petrol,331,0,2021,11,0,30000,11880.0,2500,10500.0,0,54880.0
69,VW-SAIC,971,PORSCHE,PANAMERA TUBRO,petrol,404,0,2021,11,0,30000,11880.0,2500,10500.0,0,54880.0
70,VW-SAIC,991,PORSCHE,911 TARGA 4,petrol,257,0,2021,11,0,30000,11880.0,2500,10500.0,0,54880.0
71,VW-SAIC,991,PORSCHE,911 TARGA 4 GTS,petrol,331,0,2021,11,0,30000,11880.0,2500,10500.0,0,54880.0
72,VW-SAIC,982,PORSCHE,718 BOXSTER SPYDER,petrol,309,0,2021,11,0,30000,11880.0,2500,10500.0,0,54880.0
73,VW-SAIC,AA,SKODA,CITIGO,petrol,55,0,2021,6,0,30000,6480.0,2500,10500.0,0,49480.0
74,VW-SAIC,5FP,SEAT,CUPRA ATECA,petrol,221,0,2021,6,0,30000,6480.0,2500,10500.0,0,49480.0
75,VW-SAIC,CR,"VOLKSWAGEN, VW",TOUAREG,diesel,210,0,2021,6,0,35000,6480.0,2500,12250.0,0,56230.0
76,VW-SAIC,AA,"VOLKSWAGEN, VW",UP!,petrol,44,0,2021,6,0,30000,6480.0,2500,10500.0,0,49480.0
77,VW-SAIC,7J0,"VOLKSWAGEN, VW",TRANSPORTER,diesel,146,0,2021,8,0,35000,8640.000000000002,2500,12250.0,0,58390.0
78,VW-SAIC,F8,AUDI,A8,diesel,320,0,2021,8,0,35000,8640.000000000002,2500,12250.0,0,58390.0
79,VW-SAIC,F8,AUDI,S8,petrol,420,0,2021,12,0,30000,12960.0,2500,10500.0,0,55960.0
80,VW-SAIC,GA,AUDI,SQ2,petrol,221,0,2021,9,0,30000,9720.0,2500,10500.0,0,52720.0
81,VW-SAIC,42,AUDI,R8 SPYDER,petrol,397,0,2021,7,0,30000,7560.000000000002,2500,10500.0,0,50560.0
82,VW-SAIC,8V,AUDI,RS 3 SPORTBACK,petrol,294,0,2021,10,0,30000,10800.000000000002,2500,10500.0,0,53800.0
83,VW-SAIC,8V,AUDI,RS3 LIMOUSINE,petrol,294,0,2021,9,0,30000,9720.0,2500,10500.0,0,52720.0
84,VW-SAIC,42,AUDI,R8 COUPE,petrol,456,0,2021,13,0,30000,14040.0,2500,10500.0,0,57040.0
85,VW-SAIC,8V,AUDI,S3 CABRIOLET,petrol,221,0,2021,9,0,30000,9720.0,2500,10500.0,0,52720.0
86,VW-SAIC,8V,AUDI,S3 SPORTBACK,petrol,221,0,2021,8,0,30000,8640.000000000002,2500,10500.0,0,51640.0
87,VW-SAIC,8J,AUDI,TT COUPE,petrol,145,0,2021,7,0,30000,7560.000000000002,2500,10500.0,0,50560.0
88,VW-SAIC,8J,AUDI,TT ROADSTER,petrol,180,0,2021,8,0,30000,8640.000000000002,2500,10500.0,0,51640.0
89,VW-SAIC,8J,AUDI,TTS COUPE,petrol,235,0,2021,8,0,30000,8640.000000000002,2500,10500.0,0,51640.0
90,VW-SAIC,8J,AUDI,TTS ROADSTER,petrol,235,0,2021,9,0,30000,9720.0,2500,10500.0,0,52720.0
91,VW-SAIC,8J,AUDI,TT RS COUPE,petrol,294,0,2021,9,0,30000,9720.0,2500,10500.0,0,52720.0
92,VW-SAIC,8J,AUDI,TT RS ROADSTER,petrol,294,0,2021,10,0,30000,10800.000000000002,2500,10500.0,0,53800.0
93,VW-SAIC,F3,AUDI,RS Q3 SPORTBACK,petrol,294,0,2021,10,0,30000,10800.000000000002,2500,10500.0,0,53800.0
94,VW-SAIC,F3,AUDI,RS Q3,petrol,294,0,2021,10,0,30000,10800.000000000002,2500,10500.0,0,53800.0
95,VW-SAIC,4L,AUDI,Q8,diesel,210,0,2021,9,0,35000,9720.0,2500,12250.0,0,59470.0
96,VW-SAIC,4L,AUDI,SQ8,diesel,320,0,2021,9,0,35000,9720.0,2500,12250.0,0,59470.0
97,VW-SAIC,4L,AUDI,RS Q8,petrol,441,0,2021,14,0,30000,15120.000000000004,2500,10500.0,0,58120.0
98,VW-SAIC,4L,AUDI,SQ7,diesel,320,0,2021,10,0,35000,10800.000000000002,2500,12250.0,0,60550.0
99,VW-SAIC,4L,AUDI,Q7,diesel,210,0,2021,9,0,35000,9720.0,2500,12250.0,0,59470.0
100,VW-SAIC,FY,AUDI,SQ5,diesel,255,0,2021,8,0,35000,8640.000000000002,2500,12250.0,0,58390.0
101,VW-SAIC,FY,AUDI,Q5 SPORTBACK,diesel,210,0,2021,8,0,35000,8640.000000000002,2500,12250.0,0,58390.0
102,VW-SAIC,FY,AUDI,SQ5 SPORTBACK,diesel,251,0,2021,8,0,35000,8640.000000000002,2500,12250.0,0,58390.0
103,VW-SAIC,FY,AUDI,Q5,diesel,140,0,2021,8,0,35000,8640.000000000002,2500,12250.0,0,58390.0
104,VW-SAIC,B8,AUDI,A4 ALLROAD QUATTRO,diesel,150,0,2021,6,0,35000,6480.0,2500,12250.0,0,56230.0
105,VW-SAIC,B8,AUDI,RS4 AVANT,petrol,331,0,2021,7,0,30000,7560.000000000002,2500,10500.0,0,50560.0
106,VW-SAIC,B8,AUDI,RS5 COUPE,petrol,331,0,2021,10,0,30000,10800.000000000002,2500,10500.0,0,53800.0
107,VW-SAIC,B8,AUDI,S4 AVANT,diesel,251,0,2021,7,0,35000,7560.000000000002,2500,12250.0,0,57310.0
108,VW-SAIC,B8,AUDI,S4 LIMOUSINE,diesel,251,0,2021,7,0,35000,7560.000000000002,2500,12250.0,0,57310.0
109,VW-SAIC,B8,AUDI,S5 CABRIOLET,petrol,260,0,2021,9,0,30000,9720.0,2500,10500.0,0,52720.0
110,VW-SAIC,B8,AUDI,S5 SPORTBACK,diesel,255,0,2021,7,0,35000,7560.000000000002,2500,12250.0,0,57310.0
111,VW-SAIC,B8,AUDI,S5 COUPE,diesel,255,0,2021,7,0,35000,7560.000000000002,2500,12250.0,0,57310.0
112,VW-SAIC,B8,AUDI,A5 CABRIOLET,petrol,140,0,2021,8,0,30000,8640.000000000002,2500,10500.0,0,51640.0
113,VW-SAIC,F2,AUDI,A6 ALLROAD QUATTRO,diesel,170,0,2021,8,0,35000,8640.000000000002,2500,12250.0,0,58390.0
114,VW-SAIC,F2,AUDI,S7 SPORTBACK,diesel,253,0,2021,7,0,35000,7560.000000000002,2500,12250.0,0,57310.0
115,VW-SAIC,F2,AUDI,RS6 AVANT,petrol,441,0,2021,13,0,30000,14040.0,2500,10500.0,0,57040.0
116,VW-SAIC,F2,AUDI,RS7 SPORTBACK,petrol,441,0,2021,7,0,30000,7560.000000000002,2500,10500.0,0,50560.0
117,VW-SAIC,F2,AUDI,A7 SPORTBACK,petrol,195,0,2021,8,0,30000,8640.000000000002,2500,10500.0,0,51640.0
118,VW-SAIC,F2,AUDI,A6 AVANT,diesel,150,0,2021,6,0,35000,6480.0,2500,12250.0,0,56230.0
119,VW-SAIC,F2,AUDI,S6 AVANT,diesel,257,0,2021,7,0,35000,7560.000000000002,2500,12250.0,0,57310.0
120,VW-SAIC,F2,AUDI,S6 LIMOUSINE,diesel,253,0,2021,7,0,35000,7560.000000000002,2500,12250.0,0,57310.0
121,VW-SAIC,F2,AUDI,A6 LIMOUSINE,diesel,150,0,2021,7,0,35000,7560.000000000002,2500,12250.0,0,57310.0
122,MERCEDES-BENZ,H1GLE,MERCEDES-BENZ,GLE 300 D 4MATIC,diesel,200,0,2021,7,0,35000,7560.000000000002,2500,12250.0,0,57310.0
123,MERCEDES-BENZ,H1GLE,MERCEDES-BENZ,GLE 350 D 4MATIC,diesel,200,0,2021,8,0,35000,8640.000000000002,2500,12250.0,0,58390.0
124,MERCEDES-BENZ,H1GLE,MERCEDES-BENZ,GLE 400 D 4MATIC,diesel,243,0,2021,9,0,35000,9720.0,2500,12250.0,0,59470.0
125,MERCEDES-BENZ,H1GLE,MERCEDES-BENZ,GLE 450 4MATIC,petrol,270,0,2021,11,0,30000,11880.0,2500,10500.0,0,54880.0
126,MERCEDES-BENZ,H1GLE,MERCEDES-BENZ,GLE 580 4MATIC,petrol,360,0,2021,12,0,30000,12960.0,2500,10500.0,0,55960.0
127,MERCEDES-BENZ,H1GLE,MERCEDES-BENZ,GLE 350 D 4MATIC COUPE,diesel,200,0,2021,8,0,35000,8640.000000000002,2500,12250.0,0,58390.0
128,MERCEDES-BENZ,H1GLE,MERCEDES-BENZ,GLE 400 D 4MATIC COUPE,diesel,243,0,2021,8,0,35000,8640.000000000002,2500,12250.0,0,58390.0
129,MERCEDES-BENZ,H1GLE,MERCEDES-BENZ,AMG GLE 53 4MATIC+,petrol,320,0,2021,11,0,30000,11880.0,2500,10500.0,0,54880.0
130,MERCEDES-BENZ,H1GLE,MERCEDES-BENZ,AMG GLE 63 4MATIC+,petrol,420,0,2021,12,0,30000,12960.0,2500,10500.0,0,55960.0
131,MERCEDES-BENZ,H1GLE,MERCEDES-BENZ,AMG GLE 63 S 4MATIC+,petrol,450,0,2021,12,0,30000,12960.0,2500,10500.0,0,55960.0
132,MERCEDES-BENZ,H1GLE,MERCEDES-BENZ,GLS 350 D 4MATIC,diesel,210,0,2021,8,0,35000,8640.000000000002,2500,12250.0,0,58390.0
133,MERCEDES-BENZ,H1GLE,MERCEDES-BENZ,GLS 400 D 4MATIC,diesel,243,0,2021,8,0,35000,8640.000000000002,2500,12250.0,0,58390.0
134,MERCEDES-BENZ,H1GLE,MERCEDES-BENZ,GLS 450 4MATIC,petrol,270,0,2021,11,0,30000,11880.0,2500,10500.0,0,54880.0
135,MERCEDES-BENZ,H1GLE,MERCEDES-BENZ,GLS 580 4MATIC,petrol,360,0,2021,12,0,30000,12960.0,2500,10500.0,0,55960.0
136,MERCEDES-BENZ,H1GLE,MERCEDES-BENZ,GLS 600 4MATIC MAYBACH,petrol,410,0,2021,13,0,30000,14040.0,2500,10500.0,0,57040.0
137,MERCEDES-BENZ,H1GLE,MERCEDES-BENZ,AMG GLS 63 4MATIC+,petrol,450,0,2021,13,0,30000,14040.0,2500,10500.0,0,57040.0
138,MERCEDES-BENZ,R2S,MERCEDES-BENZ,S 350 D,diesel,210,0,2021,7,0,35000,7560.000000000002,2500,12250.0,0,57310.0
139,MERCEDES-BENZ,R2S,MERCEDES-BENZ,S 350 D 4MATIC,diesel,210,0,2021,8,0,35000,8640.000000000002,2500,12250.0,0,58390.0
140,MERCEDES-BENZ,R2S,MERCEDES-BENZ,S 450,petrol,270,0,2021,8,0,30000,8640.000000000002,2500,10500.0,0,51640.0
141,MERCEDES-BENZ,R2S,MERCEDES-BENZ,S 450 4MATIC,petrol,270,0,2021,8,0,30000,8640.000000000002,2500,10500.0,0,51640.0
142,MERCEDES-BENZ,R2S,MERCEDES-BENZ,S 580 MAYBACH,petrol,370,0,2021,12,0,30000,12960.0,2500,10500.0,0,55960.0
143,MERCEDES-BENZ,R2S,MERCEDES-BENZ,S 400 D 4MATIC,diesel,243,0,2021,7,0,35000,7560.000000000002,2500,12250.0,0,57310.0
144,MERCEDES-BENZ,R2S,MERCEDES-BENZ,S 500 4MATIC,petrol,320,0,2021,9,0,30000,9720.0,2500,10500.0,0,52720.0
145,MERCEDES-BENZ,R2S,MERCEDES-BENZ,S 580 4MATIC,petrol,370,0,2021,11,0,30000,11880.0,2500,10500.0,0,54880.0
146,MERCEDES-BENZ,639/2,MERCEDES-BENZ,VITO TOURER,diesel,120,0,2021,5,0,35000,5400.000000000001,2500,12250.0,0,55150.0
147,MERCEDES-BENZ,639/2,MERCEDES-BENZ,MARCO POLO,diesel,100,0,2021,8,0,35000,8640.000000000002,2500,12250.0,0,58390.0
148,MERCEDES-BENZ,639/2,MERCEDES-BENZ,V-KLASSE,diesel,140,0,2021,9,0,35000,9720.0,2500,12250.0,0,59470.0
149,MERCEDES-BENZ,639/2,MERCEDES-BENZ,VITO,diesel,176,0,2021,7,0,35000,7560.000000000002,2500,12250.0,0,57310.0
150,MERCEDES-BENZ,204 X,MERCEDES-BENZ,GLC 220 D 4MATIC,diesel,143,0,2021,7,0,35000,7560.000000000002,2500,12250.0,0,57310.0
151,MERCEDES-BENZ,204 X,MERCEDES-BENZ,GLC 300 D 4MATIC,diesel,180,0,2021,7,0,35000,7560.000000000002,2500,12250.0,0,57310.0
152,MERCEDES-BENZ,204 X,MERCEDES-BENZ,GLC 400 D 4MATIC,diesel,243,0,2021,7,0,35000,7560.000000000002,2500,12250.0,0,57310.0
153,MERCEDES-BENZ,204 X,MERCEDES-BENZ,AMG GLC 43 4MATIC,petrol,287,0,2021,11,0,30000,11880.0,2500,10500.0,0,54880.0
154,MERCEDES-BENZ,204 X,MERCEDES-BENZ,AMG GLC 63 4MATIC+,petrol,350,0,2021,13,0,30000,14040.0,2500,10500.0,0,57040.0
155,MERCEDES-BENZ,204 X,MERCEDES-BENZ,AMG GLC 63 S 4MATIC+,petrol,375,0,2021,13,0,30000,14040.0,2500,10500.0,0,57040.0
156,MERCEDES-BENZ,MFK,MERCEDES-BENZ,CITAN,diesel,70,0,2021,5,0,35000,5400.000000000001,2500,12250.0,0,55150.0
157,MERCEDES-BENZ,R1ES,MERCEDES-BENZ,E 300 D,diesel,180,0,2021,7,0,35000,7560.000000000002,2500,12250.0,0,57310.0
158,MERCEDES-BENZ,R1ES,MERCEDES-BENZ,E 220 D 4MATIC ALLTERRAIN,diesel,143,0,2021,7,0,35000,7560.000000000002,2500,12250.0,0,57310.0
159,MERCEDES-BENZ,R1ES,MERCEDES-BENZ,E 400 D 4 MATIC,diesel,243,0,2021,7,0,35000,7560.000000000002,2500,12250.0,0,57310.0
160,MERCEDES-BENZ,R1ES,MERCEDES-BENZ,E 450 4MATIC,petrol,270,0,2021,9,0,30000,9720.0,2500,10500.0,0,52720.0
161,MERCEDES-BENZ,R1ES,MERCEDES-BENZ,E 450 4MATIC ALLTERRAIN,petrol,270,0,2021,9,0,30000,9720.0,2500,10500.0,0,52720.0
162,MERCEDES-BENZ,R1ES,MERCEDES-BENZ,AMG E 53 4MATIC,petrol,320,0,2021,10,0,30000,10800.000000000002,2500,10500.0,0,53800.0
163,MERCEDES-BENZ,R1ES,MERCEDES-BENZ,AMG E 63 S,petrol,450,0,2021,12,0,30000,12960.0,2500,10500.0,0,55960.0
164,MERCEDES-BENZ,221,MERCEDES-BENZ,S 560 4MATIC,petrol,345,0,2021,11,0,30000,11880.0,2500,10500.0,0,54880.0
165,MERCEDES-BENZ,221,MERCEDES-BENZ,AMG S 63 4MATIC,petrol,450,0,2021,13,0,30000,14040.0,2500,10500.0,0,57040.0
166,MERCEDES-BENZ,221,MERCEDES-BENZ,S 560,petrol,345,0,2021,11,0,30000,11880.0,2500,10500.0,0,54880.0
167,MERCEDES-BENZ,221,MERCEDES-BENZ,S 400 D,diesel,250,0,2021,7,0,35000,7560.000000000002,2500,12250.0,0,57310.0
168,MERCEDES-BENZ,221,MERCEDES-BENZ,S 650 MAYBACH,petrol,463,0,2021,14,0,30000,15120.000000000004,2500,10500.0,0,58120.0
169,MERCEDES-BENZ,221,MERCEDES-BENZ,S 560 MAYBACH,petrol,345,0,2021,11,0,30000,11880.0,2500,10500.0,0,54880.0
170,MERCEDES-BENZ,221,MERCEDES-BENZ,S 560 4MATIC MAYBACH,petrol,345,0,2021,11,0,30000,11880.0,2500,10500.0,0,54880.0
171,MERCEDES-BENZ,230,MERCEDES-BENZ,SL 400,petrol,270,0,2021,10,0,30000,10800.000000000002,2500,10500.0,0,53800.0
172,MERCEDES-BENZ,230,MERCEDES-BENZ,SL 500,petrol,335,0,2021,10,0,30000,10800.000000000002,2500,10500.0,0,53800.0
173,MERCEDES-BENZ,R1EC,MERCEDES-BENZ,E 220 D,diesel,143,0,2021,5,0,35000,5400.000000000001,2500,12250.0,0,55150.0
174,MERCEDES-BENZ,R1EC,MERCEDES-BENZ,E 400 D 4MATIC,diesel,243,0,2021,7,0,35000,7560.000000000002,2500,12250.0,0,57310.0
175,MERCEDES-BENZ,F2B,MERCEDES-BENZ,B 180 D,diesel,85,0,2021,5,0,35000,5400.000000000001,2500,12250.0,0,55150.0
176,MERCEDES-BENZ,F2B,MERCEDES-BENZ,B 200 D,diesel,110,0,2021,5,0,35000,5400.000000000001,2500,12250.0,0,55150.0
177,MERCEDES-BENZ,F2B,MERCEDES-BENZ,B 220 D,diesel,140,0,2021,5,0,35000,5400.000000000001,2500,12250.0,0,55150.0
178,MERCEDES-BENZ,F2B,MERCEDES-BENZ,B 220 D 4MATIC,diesel,140,0,2021,5,0,35000,5400.000000000001,2500,12250.0,0,55150.0
179,MERCEDES-BENZ,F2B,MERCEDES-BENZ,B 200,petrol,120,0,2021,5,0,30000,5400.000000000001,2500,10500.0,0,48400.0
180,MERCEDES-BENZ,R1ECLS,MERCEDES-BENZ,CLS 450 4MATIC,petrol,270,0,2021,9,0,30000,9720.0,2500,10500.0,0,52720.0
181,MERCEDES-BENZ,F2B,MERCEDES-BENZ,GLB 180,petrol,100,0,2021,7,0,30000,7560.000000000002,2500,10500.0,0,50560.0
182,MERCEDES-BENZ,F2B,MERCEDES-BENZ,GLB 200,petrol,120,0,2021,7,0,30000,7560.000000000002,2500,10500.0,0,50560.0
183,MERCEDES-BENZ,F2B,MERCEDES-BENZ,GLA 200,petrol,120,0,2021,7,0,30000,7560.000000000002,2500,10500.0,0,50560.0
184,MERCEDES-BENZ,F2A,MERCEDES-BENZ,A 180 D,diesel,85,0,2021,4,0,35000,4320.000000000001,2500,12250.0,0,54070.0
185,MERCEDES-BENZ,F2A,MERCEDES-BENZ,A 200 D,diesel,110,0,2021,5,0,35000,5400.000000000001,2500,12250.0,0,55150.0
186,MERCEDES-BENZ,R2CW,MERCEDES-BENZ,C 200,petrol,150,0,2021,5,0,30000,5400.000000000001,2500,10500.0,0,48400.0
187,MERCEDES-BENZ,204,MERCEDES-BENZ,C 180 D,diesel,90,0,2021,5,0,35000,5400.000000000001,2500,12250.0,0,55150.0
188,MERCEDES-BENZ,204,MERCEDES-BENZ,C 200 D,diesel,118,0,2021,5,0,35000,5400.000000000001,2500,12250.0,0,55150.0
189,MERCEDES-BENZ,204,MERCEDES-BENZ,C 220 D,diesel,143,0,2021,5,0,35000,5400.000000000001,2500,12250.0,0,55150.0
190,MERCEDES-BENZ,204,MERCEDES-BENZ,C 220 D 4MATIC,diesel,143,0,2021,5,0,35000,5400.000000000001,2500,12250.0,0,55150.0
191,MERCEDES-BENZ,204,MERCEDES-BENZ,C 180,petrol,115,0,2021,7,0,30000,7560.000000000002,2500,10500.0,0,50560.0
192,MERCEDES-BENZ,204,MERCEDES-BENZ,AMG C 43,petrol,287,0,2021,10,0,30000,10800.000000000002,2500,10500.0,0,53800.0
193,MERCEDES-BENZ,204,MERCEDES-BENZ,C 400 4MATIC,petrol,245,0,2021,9,0,30000,9720.0,2500,10500.0,0,52720.0
194,MERCEDES-BENZ,204,MERCEDES-BENZ,C 200 4MATIC,petrol,135,0,2021,7,0,30000,7560.000000000002,2500,10500.0,0,50560.0
195,MERCEDES-BENZ,204,MERCEDES-BENZ,AMG C 63,petrol,350,0,2021,11,0,30000,11880.0,2500,10500.0,0,54880.0
196,MERCEDES-BENZ,204,MERCEDES-BENZ,AMG C 63 S,petrol,375,0,2021,11,0,30000,11880.0,2500,10500.0,0,54880.0
197,MERCEDES-BENZ,R2CS,MERCEDES-BENZ,C 220D 4MATIC ALL-TERRAIN,diesel,147,0,2021,5,0,35000,5400.000000000001,2500,12250.0,0,55150.0
198,MERCEDES-BENZ,212,MERCEDES-BENZ,E 200 D,diesel,118,0,2021,5,0,35000,5400.000000000001,2500,12250.0,0,55150.0
199,MERCEDES-BENZ,F2CLA,MERCEDES-BENZ,CLA 200 D,diesel,110,0,2021,5,0,35000,5400.000000000001,2500,12250.0,0,55150.0
200,MERCEDES-BENZ,F2CLA,MERCEDES-BENZ,CLA 220 D,diesel,140,0,2021,5,0,35000,5400.000000000001,2500,12250.0,0,55150.0
201,MERCEDES-BENZ,245G,MERCEDES-BENZ,GLA 180 D,diesel,80,0,2021,4,0,35000,4320.000000000001,2500,12250.0,0,54070.0
202,MERCEDES-BENZ,221,MERCEDES-BENZ,AMG S 65,petrol,463,0,2021,15,0,30000,16200.000000000002,2500,10500.0,0,59200.0
203,MERCEDES-BENZ,463,MERCEDES-BENZ,G 500,petrol,310,0,2021,5,0,30000,5400.000000000001,2500,10500.0,0,48400.0
204,MERCEDES-BENZ,204 X,MERCEDES-BENZ,GLC 200 4MATIC,petrol,145,0,2021,8,0,30000,8640.000000000002,2500,10500.0,0,51640.0
205,MERCEDES-BENZ,204 X,MERCEDES-BENZ,GLC 300 4MATIC,petrol,190,0,2021,8,0,30000,8640.000000000002,2500,10500.0,0,51640.0
206,MERCEDES-BENZ,R1ES,MERCEDES-BENZ,E 200 4MATIC ALLTERRAIN,petrol,145,0,2021,8,0,30000,8640.000000000002,2500,10500.0,0,51640.0
207,MERCEDES-BENZ,R1ES,MERCEDES-BENZ,E 200,petrol,145,0,2021,8,0,30000,8640.000000000002,2500,10500.0,0,51640.0
208,MERCEDES-BENZ,R1ES,MERCEDES-BENZ,E 300,petrol,190,0,2021,8,0,30000,8640.000000000002,2500,10500.0,0,51640.0
209,MERCEDES-BENZ,R1ES,MERCEDES-BENZ,E 200 4MATIC,petrol,145,0,2021,8,0,30000,8640.000000000002,2500,10500.0,0,51640.0
210,MERCEDES-BENZ,R1EC,MERCEDES-BENZ,E 350,petrol,220,0,2021,9,0,30000,9720.0,2500,10500.0,0,52720.0
211,MERCEDES-BENZ,F2B,MERCEDES-BENZ,B 220 4MATIC,petrol,140,0,2021,8,0,30000,8640.000000000002,2500,10500.0,0,51640.0
212,MERCEDES-BENZ,R1ECLS,MERCEDES-BENZ,CLS 350,petrol,220,0,2021,8,0,30000,8640.000000000002,2500,10500.0,0,51640.0
213,MERCEDES-BENZ,F2B,MERCEDES-BENZ,GLB 250,petrol,165,0,2021,8,0,30000,8640.000000000002,2500,10500.0,0,51640.0
214,MERCEDES-BENZ,F2B,MERCEDES-BENZ,GLB 250 4MATIC,petrol,165,0,2021,9,0,30000,9720.0,2500,10500.0,0,52720.0
215,MERCEDES-BENZ,F2B,MERCEDES-BENZ,AMG GLA 45,petrol,285,0,2021,10,0,30000,10800.000000000002,2500,10500.0,0,53800.0
216,MERCEDES-BENZ,F2A,MERCEDES-BENZ,A 220 4MATIC,petrol,140,0,2021,7,0,30000,7560.000000000002,2500,10500.0,0,50560.0
217,MERCEDES-BENZ,204 K,MERCEDES-BENZ,C 300,petrol,190,0,2021,8,0,30000,8640.000000000002,2500,10500.0,0,51640.0
218,MERCEDES-BENZ,F2CLA,MERCEDES-BENZ,CLA 250 4MATIC,petrol,165,0,2021,7,0,30000,7560.000000000002,2500,10500.0,0,50560.0
219,MERCEDES-BENZ,F2CLA,MERCEDES-BENZ,AMG CLA 35,petrol,225,0,2021,8,0,30000,8640.000000000002,2500,10500.0,0,51640.0
220,MERCEDES-BENZ,F2CLA,MERCEDES-BENZ,AMG CLA 45,petrol,285,0,2021,9,0,30000,9720.0,2500,10500.0,0,52720.0
221,MERCEDES-BENZ,F2CLA,MERCEDES-BENZ,CLA 250,petrol,165,0,2021,7,0,30000,7560.000000000002,2500,10500.0,0,50560.0
222,MERCEDES-BENZ,172,MERCEDES-BENZ,SLC 300,petrol,180,0,2021,8,0,30000,8640.000000000002,2500,10500.0,0,51640.0
223,MERCEDES-BENZ,F2A,MERCEDES-BENZ,A 250,petrol,165,0,2021,7,0,30000,7560.000000000002,2500,10500.0,0,50560.0
224,MERCEDES-BENZ,F2A,MERCEDES-BENZ,AMG A 35,petrol,225,0,2021,8,0,30000,8640.000000000002,2500,10500.0,0,51640.0
225,MERCEDES-BENZ,906BA50/4X4,MERCEDES-BENZ,SPRINTER,diesel,120,0,2021,15,0,35000,16200.000000000002,2500,12250.0,0,65950.0
226,BMW,G4X,BMW,X4 M 40 D,diesel,250,0,2021,7,0,35000,7560.000000000002,2500,12250.0,0,57310.0
227,BMW,M3,BMW,M2 CS,petrol,331,0,2021,10,0,30000,10800.000000000002,2500,10500.0,0,53800.0
228,BMW,M3,BMW,M2 Competition,petrol,302,0,2021,10,0,30000,10800.000000000002,2500,10500.0,0,53800.0
229,BMW,M3,BMW,M4,petrol,331,0,2021,10,0,30000,10800.000000000002,2500,10500.0,0,53800.0
230,BMW,F5LM,BMW,M5 Competition,petrol,460,0,2021,11,0,30000,11880.0,2500,10500.0,0,54880.0
231,BMW,F56XM,BMW,X6 M Competition,petrol,460,0,2021,13,0,30000,14040.0,2500,10500.0,0,57040.0
232,BMW,F5LM,BMW,M5,petrol,441,0,2021,11,0,30000,11880.0,2500,10500.0,0,54880.0
233,BMW,F56XM,BMW,X5 M,petrol,441,0,2021,13,0,30000,14040.0,2500,10500.0,0,57040.0
234,BMW,F56XM,BMW,X5 M Competition,petrol,460,0,2021,13,0,30000,14040.0,2500,10500.0,0,57040.0
235,BMW,F34XM,BMW,X3 M Competition,petrol,375,0,2021,12,0,30000,12960.0,2500,10500.0,0,55960.0
236,BMW,F34XM,BMW,X3 M,petrol,353,0,2021,12,0,30000,12960.0,2500,10500.0,0,55960.0
237,BMW,G4Z,BMW,Z4 sDrive30i,petrol,190,0,2021,7,0,30000,7560.000000000002,2500,10500.0,0,50560.0
238,BMW,G6GT,BMW,640d xDrive,diesel,235,0,2021,8,0,35000,8640.000000000002,2500,12250.0,0,58390.0
239,BMW,G7X,BMW,X7 xDrive40d,diesel,250,0,2021,8,0,35000,8640.000000000002,2500,12250.0,0,58390.0
240,BMW,G3X,BMW,X3 xDrive30i,petrol,185,0,2021,10,0,30000,10800.000000000002,2500,10500.0,0,53800.0
241,BMW,G3X,BMW,X3 xDrive30d,diesel,195,0,2021,8,0,35000,8640.000000000002,2500,12250.0,0,58390.0
242,BMW,G3X,BMW,X3 xDrive20i,petrol,135,0,2021,8,0,30000,8640.000000000002,2500,10500.0,0,51640.0
243,BMW,G3X,BMW,X3 M40d,diesel,250,0,2021,7,0,35000,7560.000000000002,2500,12250.0,0,57310.0
244,BMW,F2X,BMW,X2 sDrive18i,petrol,103,0,2021,7,0,30000,7560.000000000002,2500,10500.0,0,50560.0
245,BMW,F2X,BMW,X2 sDrive20i,petrol,141,0,2021,7,0,30000,7560.000000000002,2500,10500.0,0,50560.0
246,BMW,F2X,BMW,X2 sDrive18d,diesel,110,0,2021,5,0,35000,5400.000000000001,2500,12250.0,0,55150.0
247,BMW,F2X,BMW,X2 sDrive20d,diesel,140,0,2021,5,0,35000,5400.000000000001,2500,12250.0,0,55150.0
248,BMW,G3K,BMW,318i,petrol,115,0,2021,7,0,30000,7560.000000000002,2500,10500.0,0,50560.0
249,BMW,7L,BMW,730Ld xDrive,diesel,210,0,2021,7,0,35000,7560.000000000002,2500,12250.0,0,57310.0
250,BMW,F1H,BMW,118i,petrol,103,0,2021,7,0,30000,7560.000000000002,2500,10500.0,0,50560.0
251,BMW,F1H,BMW,116d,diesel,85,0,2021,5,0,35000,5400.000000000001,2500,12250.0,0,55150.0
252,BMW,F1H,BMW,118d,diesel,110,0,2021,5,0,35000,5400.000000000001,2500,12250.0,0,55150.0
253,BMW,F1H,BMW,120d xDrive,diesel,140,0,2021,5,0,35000,5400.000000000001,2500,12250.0,0,55150.0
254,BMW,7L,BMW,750Li xDrive,petrol,390,0,2021,11,0,30000,11880.0,2500,10500.0,0,54880.0
255,BMW,G8C,BMW,840i,petrol,250,0,2021,8,0,30000,8640.000000000002,2500,10500.0,0,51640.0
256,BMW,G7X,BMW,X7 M50d,diesel,294,0,2021,9,0,35000,9720.0,2500,12250.0,0,59470.0
257,BMW,G7X,BMW,X7 xDrive40i,petrol,245,0,2021,10,0,30000,10800.000000000002,2500,10500.0,0,53800.0
258,BMW,G7X,BMW,X7 xDrive30d,diesel,195,0,2021,8,0,35000,8640.000000000002,2500,12250.0,0,58390.0
259,BMW,G4Z,BMW,Z4 sDrive20i,petrol,145,0,2021,7,0,30000,7560.000000000002,2500,10500.0,0,50560.0
260,BMW,G3L,BMW,320i,petrol,135,0,2021,7,0,30000,7560.000000000002,2500,10500.0,0,50560.0
261,BMW,G3L,BMW,330I,petrol,190,0,2021,7,0,30000,7560.000000000002,2500,10500.0,0,50560.0
262,BMW,G3L,BMW,M340i xDrive,petrol,275,0,2021,8,0,30000,8640.000000000002,2500,10500.0,0,51640.0
263,BMW,G3L,BMW,318D,diesel,110,0,2021,5,0,35000,5400.000000000001,2500,12250.0,0,55150.0
264,BMW,G3L,BMW,330d,diesel,210,0,2021,5,0,35000,5400.000000000001,2500,12250.0,0,55150.0
265,BMW,G3C,BMW,M440I XDRIVE,petrol,275,0,2021,8,0,30000,8640.000000000002,2500,10500.0,0,51640.0
266,BMW,G3K,BMW,320D,diesel,140,0,2021,5,0,35000,5400.000000000001,2500,12250.0,0,55150.0
267,BMW,F2AT,BMW,218i Active Tourer,petrol,103,0,2021,7,0,30000,7560.000000000002,2500,10500.0,0,50560.0
268,BMW,F2GT,BMW,216i Gran Tourer,petrol,80,0,2021,7,0,30000,7560.000000000002,2500,10500.0,0,50560.0
269,BMW,F2GT,BMW,220i Gran Tourer,petrol,141,0,2021,7,0,30000,7560.000000000002,2500,10500.0,0,50560.0
270,BMW,F2GT,BMW,218i Gran Tourer,petrol,103,0,2021,7,0,30000,7560.000000000002,2500,10500.0,0,50560.0
271,BMW,F2GT,BMW,216d Gran Tourer,diesel,85,0,2021,5,0,35000,5400.000000000001,2500,12250.0,0,55150.0
272,BMW,F2GT,BMW,218d Gran Tourer,diesel,110,0,2021,5,0,35000,5400.000000000001,2500,12250.0,0,55150.0
273,BMW,3C,BMW,420i,petrol,135,0,2021,8,0,30000,8640.000000000002,2500,10500.0,0,51640.0
274,BMW,F2GC,BMW,220D,diesel,140,0,2021,5,0,35000,5400.000000000001,2500,12250.0,0,55150.0
275,BMW,G3C,BMW,430I,petrol,190,0,2021,7,0,30000,7560.000000000002,2500,10500.0,0,50560.0
276,BMW,F1X,BMW,X1 xDrive20i,petrol,141,0,2021,8,0,30000,8640.000000000002,2500,10500.0,0,51640.0
277,BMW,G3C,BMW,420d,diesel,140,0,2021,5,0,35000,5400.000000000001,2500,12250.0,0,55150.0
278,BMW,G5K,BMW,520D XDRIVE,diesel,140,0,2021,5,0,35000,5400.000000000001,2500,12250.0,0,55150.0
279,BMW,G5L,BMW,540D XDRIVE,diesel,235,0,2021,7,0,35000,7560.000000000002,2500,12250.0,0,57310.0
280,BMW,G5L,BMW,540i,petrol,250,0,2021,8,0,30000,8640.000000000002,2500,10500.0,0,51640.0
281,BMW,G5K,BMW,520i,petrol,135,0,2021,7,0,30000,7560.000000000002,2500,10500.0,0,50560.0
282,BMW,G6X,BMW,X6 xDrive40d,diesel,250,0,2021,8,0,35000,8640.000000000002,2500,12250.0,0,58390.0
283,BMW,G6X,BMW,X6 xDrive40i,petrol,245,0,2021,10,0,30000,10800.000000000002,2500,10500.0,0,53800.0
284,BMW,G6X,BMW,X6 xDrive30d,diesel,210,0,2021,8,0,35000,8640.000000000002,2500,12250.0,0,58390.0
285,BMW,G5K,BMW,530i,petrol,185,0,2021,7,0,30000,7560.000000000002,2500,10500.0,0,50560.0
286,BMW,G5X,BMW,X5 M50i,petrol,390,0,2021,14,0,30000,15120.000000000004,2500,10500.0,0,58120.0
287,BMW,G5X,BMW,X5 M50d,diesel,294,0,2021,8,0,35000,8640.000000000002,2500,12250.0,0,58390.0
288,BMW,G5X,BMW,X5 xDrive30d,diesel,210,0,2021,7,0,35000,7560.000000000002,2500,12250.0,0,57310.0
289,BMW,G5X,BMW,X5 xDrive40d,diesel,250,0,2021,8,0,35000,8640.000000000002,2500,12250.0,0,58390.0
290,BMW,G5X,BMW,X5 xDrive40i,petrol,250,0,2021,11,0,30000,11880.0,2500,10500.0,0,54880.0
291,BMW,G5X,BMW,X5 xDrive25d,diesel,170,0,2021,8,0,35000,8640.000000000002,2500,12250.0,0,58390.0
292,FORD,WA6,FORD,S-MAX,petrol,121,0,2021,8,0,30000,8640.000000000002,2500,10500.0,0,51640.0
293,FORD,FAD,FORD,TRANSIT,diesel,125,0,2021,8,0,35000,8640.000000000002,2500,12250.0,0,58390.0
294,BMW,FMCA,MINI,Cooper,petrol,100,0,2021,7,0,30000,7560.000000000002,2500,10500.0,0,50560.0
295,BMW,FMK,MINI,Clubman Cooper S ALL4,petrol,141,0,2021,7,0,30000,7560.000000000002,2500,10500.0,0,50560.0
296,BMW,FML2,MINI,John Cooper Works GP,petrol,225,0,2021,8,0,30000,8640.000000000002,2500,10500.0,0,51640.0
297,BMW,FMX,MINI,Countryman One,petrol,75,0,2021,7,0,30000,7560.000000000002,2500,10500.0,0,50560.0
298,BMW,FMX,MINI,Countryman Cooper,petrol,100,0,2021,7,0,30000,7560.000000000002,2500,10500.0,0,50560.0
299,BMW,FMX,MINI,Countryman Cooper S ALL4,petrol,141,0,2021,8,0,30000,8640.000000000002,2500,10500.0,0,51640.0
300,JEEP,JK,JEEP,WRANGLER UNLIMITED,petrol,200,0,2021,12,0,30000,12960.0,2500,10500.0,0,55960.0
301,CUPRA,KM,CUPRA,FORMENTOR,petrol,228,0,2021,8,0,30000,8640.000000000002,2500,10500.0,0,51640.0
302,OPEL,V,OPEL,VIVARO ZAFIRA LIFE,diesel,106,0,2021,7,0,35000,7560.000000000002,2500,12250.0,0,57310.0
303,FORD,SBF,FORD,EDGE,diesel,175,0,2021,8,0,35000,8640.000000000002,2500,12250.0,0,58390.0
304,FORD,2AB,FORD,RANGER,diesel,157,0,2021,9,0,35000,9720.0,2500,12250.0,0,59470.0
305,FORD,FAC,FORD,TRANSIT CUSTOM,diesel,125,0,2021,8,0,35000,8640.000000000002,2500,12250.0,0,58390.0
306,FORD,FAC,FORD,TOURNEO CUSTOM,diesel,136,0,2021,8,0,35000,8640.000000000002,2500,12250.0,0,58390.0
307,OPEL,U,OPEL,CORSA,diesel,75,0,2021,4,0,35000,4320.000000000001,2500,12250.0,0,54070.0
308,OPEL,B-K,OPEL,ASTRA SPORTS TOURER+,diesel,90,0,2021,4,0,35000,4320.000000000001,2500,12250.0,0,54070.0
309,BMW,FMK,MINI,Clubman Cooper S,petrol,141,0,2021,7,0,30000,7560.000000000002,2500,10500.0,0,50560.0
310,FORD,DFK,FORD,KUGA,petrol,111,0,2021,7,0,30000,7560.000000000002,2500,10500.0,0,50560.0
311,FORD,JHH,FORD,FIESTA,petrol,74,0,2021,7,0,30000,7560.000000000002,2500,10500.0,0,50560.0
312,HYUNDAI,PDE,HYUNDAI,I30,diesel,85,0,2021,4,0,35000,4320.000000000001,2500,12250.0,0,54070.0
313,HYUNDAI,PDE,HYUNDAI,I30N,petrol,184,0,2021,8,0,30000,8640.000000000002,2500,10500.0,0,51640.0
314,HYUNDAI,NX4E,HYUNDAI,TUCSONIX35,petrol,132,0,2021,7,0,30000,7560.000000000002,2500,10500.0,0,50560.0
315,TESLA,RU,HONDA,HR-V,petrol,96,0,2021,7,0,30000,7560.000000000002,2500,10500.0,0,50560.0
316,HYUNDAI,AE,HYUNDAI,IONIQ,petrol,77,0,2021,4,0,30000,4320.000000000001,2500,10500.0,0,47320.0
317,RENAULT-NISSAN-MITSUBISHI,R35,NISSAN,NISSAN GT-R,petrol,419,0,2021,14,0,30000,15120.000000000004,2500,10500.0,0,58120.0
318,RENAULT-NISSAN-MITSUBISHI,T32,NISSAN,NISSAN X-TRAIL,petrol,116,0,2021,7,0,30000,7560.000000000002,2500,10500.0,0,50560.0
319,RENAULT-NISSAN-MITSUBISHI,MM,RENAULT,MASTER,diesel,107,0,2021,11,0,35000,11880.0,2500,12250.0,0,61630.0
320,"VOLKSWAGEN, VW",SYMVE,"VOLKSWAGEN, VW",CRAFTER,diesel,130,0,2021,13,0,35000,14040.0,2500,12250.0,0,63790.0
321,RENAULT-NISSAN-MITSUBISHI,RFB,RENAULT,MEGANE,petrol,221,0,2021,8,0,30000,8640.000000000002,2500,10500.0,0,51640.0
322,KIA,CD,KIA,XCEED,petrol,150,0,2021,7,0,30000,7560.000000000002,2500,10500.0,0,50560.0
323,KIA,NQ5E,KIA,SPORTAGE,petrol,132,0,2021,7,0,30000,7560.000000000002,2500,10500.0,0,50560.0
324,TESLA,DF,JAGUAR,JAGUAR E-PACE,diesel,110,0,2021,8,0,35000,8640.000000000002,2500,12250.0,0,58390.0
325,TESLA,LC,LAND ROVER,DISCOVERY SPORT,diesel,132,0,2021,7,0,35000,7560.000000000002,2500,12250.0,0,57310.0
326,TESLA,LE,LAND ROVER,DEFENDER,diesel,177,0,2021,9,0,35000,9720.0,2500,12250.0,0,59470.0
327,TESLA,LR,LAND ROVER,DISCOVERY,diesel,177,0,2021,9,0,35000,9720.0,2500,12250.0,0,59470.0
328,TESLA,LY,LAND ROVER,RANGE ROVER VELAR,diesel,202,0,2021,8,0,35000,8640.000000000002,2500,12250.0,0,58390.0
329,TESLA,LZ,LAND ROVER,RANGE ROVER EVOQUE,diesel,132,0,2021,7,0,35000,7560.000000000002,2500,12250.0,0,57310.0
330,KIA,YB,KIA,STONIC,petrol,62,0,2021,7,0,30000,7560.000000000002,2500,10500.0,0,50560.0
331,VOLVO,X,VOLVO,XC40,petrol,120,0,2021,7,0,30000,7560.000000000002,2500,10500.0,0,50560.0
332,FORD,DEH,FORD,FOCUS,petrol,114,0,2021,5,0,30000,5400.000000000001,2500,10500.0,0,48400.0
333,BMW,FMX,MINI,Countryman One D,diesel,85,0,2021,5,0,35000,5400.000000000001,2500,12250.0,0,55150.0
334,OPEL,U,OPEL,MOKKA,petrol,96,0,2021,5,0,30000,5400.000000000001,2500,10500.0,0,48400.0
335,OPEL,P7MONOCABC,OPEL,CROSSLAND,petrol,96,0,2021,5,0,30000,5400.000000000001,2500,10500.0,0,48400.0
336,OPEL,P7 MONOCAB C,OPEL,CROSSLAND X,petrol,96,0,2021,5,0,30000,5400.000000000001,2500,10500.0,0,48400.0
337,BMW,FMK,MINI,Clubman Cooper D,diesel,110,0,2021,5,0,35000,5400.000000000001,2500,12250.0,0,55150.0
338,HYUNDAI,OS,HYUNDAI,"KONA,KAUAI",diesel,100,0,2021,5,0,35000,5400.000000000001,2500,12250.0,0,55150.0
339,TESLA,FK,HONDA,CIVIC 5DR,petrol,93,0,2021,5,0,30000,5400.000000000001,2500,10500.0,0,48400.0
340,HYUNDAI,BC3,HYUNDAI,I20,petrol,74,0,2021,5,0,30000,5400.000000000001,2500,10500.0,0,48400.0
341,MITSUBISHI,GK0,MITSUBISHI,MITSUBISHI ECLIPSE CROSS,petrol,120,0,2021,5,0,30000,5400.000000000001,2500,10500.0,0,48400.0
342,MITSUBISHI,GA0,MITSUBISHI,MITSUBISHI ASX,petrol,86,0,2021,5,0,30000,5400.000000000001,2500,10500.0,0,48400.0
343,RENAULT-NISSAN-MITSUBISHI,CW0,MITSUBISHI,MITSUBISHI OUTLANDER,petrol,110,0,2021,5,0,30000,5400.000000000001,2500,10500.0,0,48400.0
344,RENAULT-NISSAN-MITSUBISHI,A00,MITSUBISHI,MITSUBISHI SPACE STAR,petrol,59,0,2021,5,0,30000,5400.000000000001,2500,10500.0,0,48400.0
345,RENAULT-NISSAN-MITSUBISHI,RFD,RENAULT,TALISMAN,diesel,110,0,2021,5,0,35000,5400.000000000001,2500,12250.0,0,55150.0
346,VOLVO,U,VOLVO,XC60,diesel,145,0,2021,7,0,35000,7560.000000000002,2500,12250.0,0,57310.0
347,VOLVO,L,VOLVO,XC90,diesel,173,0,2021,7,0,35000,7560.000000000002,2500,12250.0,0,57310.0
348,VOLVO,P,VOLVO,V90,diesel,173,0,2021,7,0,35000,7560.000000000002,2500,12250.0,0,57310.0
349,VOLVO,P,VOLVO,V90 CROSS COUNTRY,diesel,173,0,2021,7,0,35000,7560.000000000002,2500,12250.0,0,57310.0
350,VOLVO,Z,VOLVO,V60,diesel,110,0,2021,7,0,35000,7560.000000000002,2500,12250.0,0,57310.0
351,VOLVO,Z,VOLVO,V60 CROSS COUNTRY,diesel,140,0,2021,7,0,35000,7560.000000000002,2500,12250.0,0,57310.0
352,VOLVO,Z,VOLVO,S60,petrol,184,0,2021,7,0,30000,7560.000000000002,2500,10500.0,0,50560.0
353,VOLVO,P,VOLVO,S90,petrol,145,0,2021,7,0,30000,7560.000000000002,2500,10500.0,0,50560.0
354,MAZDA-SUBARU-SUZUKI-TOYOTA,B6,SUBARU,OUTBACK,petrol,129,0,2021,8,0,30000,8640.000000000002,2500,10500.0,0,51640.0
355,MAZDA-SUBARU-SUZUKI-TOYOTA,"F5(EU,M)",LEXUS,LEXUS LS500,petrol,307,0,2021,11,0,30000,11880.0,2500,10500.0,0,54880.0
356,MAZDA-SUBARU-SUZUKI-TOYOTA,"F5(EU,M)",LEXUS,LEXUS LS500H,petrol,220,0,2021,8,0,30000,8640.000000000002,2500,10500.0,0,51640.0
357,MAZDA-SUBARU-SUZUKI-TOYOTA,"Z10(EU,M)",LEXUS,LEXUS LC500,petrol,341,0,2021,12,0,30000,12960.0,2500,10500.0,0,55960.0
358,MAZDA-SUBARU-SUZUKI-TOYOTA,"UXC1(EU,M)",LEXUS,LEXUS RC F,petrol,341,0,2021,12,0,30000,12960.0,2500,10500.0,0,55960.0
359,MAZDA-SUBARU-SUZUKI-TOYOTA,"Z10(EU,M)",LEXUS,LEXUS LC500H,petrol,220,0,2021,8,0,30000,8640.000000000002,2500,10500.0,0,51640.0
360,MAZDA-SUBARU-SUZUKI-TOYOTA,A10(A),LEXUS,LEXUS CT200H,petrol,73,0,2021,5,0,30000,5400.000000000001,2500,10500.0,0,48400.0
361,MAZDA-SUBARU-SUZUKI-TOYOTA,"ZA1(EU,M)",LEXUS,LEXUS UX200,petrol,127,0,2021,7,0,30000,7560.000000000002,2500,10500.0,0,50560.0
362,MAZDA-SUBARU-SUZUKI-TOYOTA,"AL2(EU,M)",LEXUS,LEXUS RX450H,petrol,193,0,2021,8,0,30000,8640.000000000002,2500,10500.0,0,51640.0
363,MAZDA-SUBARU-SUZUKI-TOYOTA,AZ1,LEXUS,LEXUS NX300H,petrol,114,0,2021,8,0,30000,8640.000000000002,2500,10500.0,0,51640.0
364,MAZDA-SUBARU-SUZUKI-TOYOTA,"AL2(EU,M)",LEXUS,LEXUS RX450HL,petrol,193,0,2021,8,0,30000,8640.000000000002,2500,10500.0,0,51640.0
365,MAZDA-SUBARU-SUZUKI-TOYOTA,ND,MAZDA,MAZDA MX-5,petrol,135,0,2021,7,0,30000,7560.000000000002,2500,10500.0,0,50560.0
366,MAZDA-SUBARU-SUZUKI-TOYOTA,AZ,SUZUKI,SWIFT,petrol,95,0,2021,5,0,30000,5400.000000000001,2500,10500.0,0,48400.0
367,MAZDA-SUBARU-SUZUKI-TOYOTA,MF,SUZUKI,IGNIS,petrol,61,0,2021,5,0,30000,5400.000000000001,2500,10500.0,0,48400.0
368,MAZDA-SUBARU-SUZUKI-TOYOTA,"XZ1L(EU,M)",LEXUS,LEXUS ES300H,petrol,131,0,2021,7,0,30000,7560.000000000002,2500,10500.0,0,50560.0
369,MAZDA-SUBARU-SUZUKI-TOYOTA,G5,SUBARU,IMPREZA,petrol,84,0,2021,8,0,30000,8640.000000000002,2500,10500.0,0,51640.0
370,MAZDA-SUBARU-SUZUKI-TOYOTA,G5,SUBARU,XV,petrol,84,0,2021,8,0,30000,8640.000000000002,2500,10500.0,0,51640.0
371,MAZDA-SUBARU-SUZUKI-TOYOTA,S5,SUBARU,FORESTER,petrol,110,0,2021,8,0,30000,8640.000000000002,2500,10500.0,0,51640.0
372,MAZDA-SUBARU-SUZUKI-TOYOTA,V1,SUBARU,LEVORG,petrol,110,0,2021,8,0,30000,8640.000000000002,2500,10500.0,0,51640.0
373,MAZDA-SUBARU-SUZUKI-TOYOTA,ZC,SUBARU,BRZ,petrol,147,0,2021,9,0,30000,9720.0,2500,10500.0,0,52720.0
374,MAZDA-SUBARU-SUZUKI-TOYOTA,V,TOYOTA,PROACE,diesel,90,0,2021,7,0,35000,7560.000000000002,2500,12250.0,0,57310.0
375,MAZDA-SUBARU-SUZUKI-TOYOTA,J15TM,TOYOTA,TOYOTA LAND CRUISER 150,diesel,150,0,2021,10,0,35000,10800.000000000002,2500,12250.0,0,60550.0
376,MAZDA-SUBARU-SUZUKI-TOYOTA,J15TM,TOYOTA,TOYOTA LAND CRUISER (150 SERIES),diesel,150,0,2021,10,0,35000,10800.000000000002,2500,12250.0,0,60550.0
377,MAZDA-SUBARU-SUZUKI-TOYOTA,"XPA1F(EU,M)",TOYOTA,TOYOTA YARIS,petrol,92,0,2021,5,0,30000,5400.000000000001,2500,10500.0,0,48400.0
378,MAZDA-SUBARU-SUZUKI-TOYOTA,XP13M(A),TOYOTA,TOYOTA YARIS HYBRID,petrol,54,0,2021,5,0,30000,5400.000000000001,2500,10500.0,0,48400.0
379,MAZDA-SUBARU-SUZUKI-TOYOTA,E,TOYOTA,PROACE CITY VERSO,petrol,81,0,2021,7,0,30000,7560.000000000002,2500,10500.0,0,50560.0
380,MAZDA-SUBARU-SUZUKI-TOYOTA,JTSC,TOYOTA,TOYOTA SUPRA,petrol,190,0,2021,8,0,30000,8640.000000000002,2500,10500.0,0,51640.0
381,MAZDA-SUBARU-SUZUKI-TOYOTA,AB1,TOYOTA,TOYOTA AYGO,petrol,53,0,2021,5,0,30000,5400.000000000001,2500,10500.0,0,48400.0
382,MAZDA-SUBARU-SUZUKI-TOYOTA,"XA5(EU,M)",TOYOTA,TOYOTA RAV4,petrol,131,0,2021,5,0,30000,5400.000000000001,2500,10500.0,0,48400.0
383,MAZDA-SUBARU-SUZUKI-TOYOTA,"ZE1EE(EU,M)",TOYOTA,TOYOTA COROLLA,petrol,72,0,2021,5,0,30000,5400.000000000001,2500,10500.0,0,48400.0
384,MAZDA-SUBARU-SUZUKI-TOYOTA,"AX1T(EU,M)",TOYOTA,TOYOTA C-HR,petrol,72,0,2021,5,0,30000,5400.000000000001,2500,10500.0,0,48400.0
385,MAZDA-SUBARU-SUZUKI-TOYOTA,ZN,TOYOTA,86,petrol,147,0,2021,9,0,30000,9720.0,2500,10500.0,0,52720.0
386,MAZDA-SUBARU-SUZUKI-TOYOTA,"XW5(EU,M)",TOYOTA,TOYOTA PRIUS,petrol,72,0,2021,5,0,30000,5400.000000000001,2500,10500.0,0,48400.0
387,MAZDA-SUBARU-SUZUKI-TOYOTA,XPB1F(M),TOYOTA,TOYOTA YARIS CROSS,petrol,68,0,2021,4,0,30000,4320.000000000001,2500,10500.0,0,47320.0
388,STELLANTIS,MP,JEEP,COMPASS,petrol,96,0,2021,7,0,30000,7560.000000000002,2500,10500.0,0,50560.0
389,STELLANTIS,3,CITROEN,C4 SPACETOURER,diesel,96,0,2021,5,0,35000,5400.000000000001,2500,12250.0,0,55150.0
390,STELLANTIS,V,CITROEN,JUMPY SPACETOURER,diesel,110,0,2021,7,0,35000,7560.000000000002,2500,12250.0,0,57310.0
391,STELLANTIS,Y,CITROEN,JUMPER,diesel,103,0,2021,9,0,35000,9720.0,2500,12250.0,0,59470.0
392,STELLANTIS,312,FIAT,FIAT 500,petrol,52,0,2021,5,0,30000,5400.000000000001,2500,10500.0,0,48400.0
393,STELLANTIS,BU,JEEP,RENEGADE,petrol,88,0,2021,7,0,30000,7560.000000000002,2500,10500.0,0,50560.0
394,STELLANTIS,JK,JEEP,WRANGLER,petrol,200,0,2021,11,0,30000,11880.0,2500,10500.0,0,54880.0
395,STELLANTIS,KL,JEEP,CHEROKEE,diesel,143,0,2021,8,0,35000,8640.000000000002,2500,12250.0,0,58390.0
396,STELLANTIS,WK,JEEP,GRAND CHEROKEE,diesel,184,0,2021,10,0,35000,10800.000000000002,2500,12250.0,0,60550.0
397,STELLANTIS,WK,JEEP,GRAND CHEROKEE SRT,petrol,344,0,2021,15,0,30000,16200.000000000002,2500,10500.0,0,59200.0
398,STELLANTIS,199,FIAT,FIAT 500L,petrol,70,0,2021,8,0,30000,8640.000000000002,2500,10500.0,0,51640.0
399,STELLANTIS,312,FIAT,FIAT PANDA,lpg,51,0,2021,8,0,32000,8640.000000000002,2500,11200.0,0,54340.0
400,STELLANTIS,225,FIAT,FIAT FIORINO,diesel,59,0,2021,5,0,35000,5400.000000000001,2500,12250.0,0,55150.0
401,STELLANTIS,250,FIAT,FIAT DUCATO,diesel,130,0,2021,11,0,35000,11880.0,2500,12250.0,0,61630.0
402,STELLANTIS,250,FIAT,640 SB,diesel,103,0,2021,14,0,35000,15120.000000000004,2500,12250.0,0,64870.0
403,STELLANTIS,250,FIAT,KRONOS 287 INTEGRAL,diesel,103,0,2021,13,0,35000,14040.0,2500,12250.0,0,63790.0
404,STELLANTIS,250,FIAT,FV 636 EBL,diesel,88,0,2021,13,0,35000,14040.0,2500,12250.0,0,63790.0
405,STELLANTIS,250,FIAT,V6600 SB,diesel,103,0,2021,11,0,35000,11880.0,2500,12250.0,0,61630.0
406,STELLANTIS,312,FIAT,ABARTH 500,petrol,132,0,2021,7,0,30000,7560.000000000002,2500,10500.0,0,50560.0
407,STELLANTIS,334,FIAT,FIAT 500X,petrol,110,0,2021,7,0,30000,7560.000000000002,2500,10500.0,0,50560.0
408,STELLANTIS,356,FIAT,FIAT TIPO,petrol,70,0,2021,7,0,30000,7560.000000000002,2500,10500.0,0,50560.0
409,STELLANTIS,FJL,FIAT,TALENTO,diesel,88,0,2021,7,0,35000,7560.000000000002,2500,12250.0,0,57310.0
410,STELLANTIS,A,CITROEN,C5 AIRCROSS,petrol,133,0,2021,7,0,30000,7560.000000000002,2500,10500.0,0,50560.0
411,STELLANTIS,949,ALFA ROMEO,STELVIO,diesel,154,0,2021,7,0,35000,7560.000000000002,2500,12250.0,0,57310.0
412,STELLANTIS,949,ALFA ROMEO,STELVIO QUADRIFOGLIO,petrol,375,0,2021,12,0,30000,12960.0,2500,10500.0,0,55960.0
413,STELLANTIS,952,ALFA ROMEO,GIULIA QUADRIFOGLIO,petrol,375,0,2021,10,0,30000,10800.000000000002,2500,10500.0,0,53800.0
414,STELLANTIS,952,ALFA ROMEO,GIULIA,petrol,148,0,2021,8,0,30000,8640.000000000002,2500,10500.0,0,51640.0
415,STELLANTIS,952,ALFA ROMEO,GIULIA GTAM,petrol,397,0,2021,11,0,30000,11880.0,2500,10500.0,0,54880.0
416,STELLANTIS,952,ALFA ROMEO,GIULIA GTA,petrol,397,0,2021,11,0,30000,11880.0,2500,10500.0,0,54880.0
417,STELLANTIS,S,CITROEN,C3,diesel,75,0,2021,4,0,35000,4320.000000000001,2500,12250.0,0,54070.0
418,STELLANTIS,940,ALFA ROMEO,ALFA GIULIETTA,petrol,88,0,2021,7,0,30000,7560.000000000002,2500,10500.0,0,50560.0
419,STELLANTIS,2,CITROEN,C3 AIRCROSS,diesel,88,0,2021,5,0,35000,5400.000000000001,2500,12250.0,0,55150.0
420,STELLANTIS,P,CITROEN,C1,petrol,53,0,2021,5,0,30000,5400.000000000001,2500,10500.0,0,48400.0
421,STELLANTIS,M,PEUGEOT,3008,petrol,96,0,2021,5,0,30000,5400.000000000001,2500,10500.0,0,48400.0
422,STELLANTIS,V,PEUGEOT,EXPERT TRAVELLER,diesel,130,0,2021,7,0,35000,7560.000000000002,2500,12250.0,0,57310.0
423,STELLANTIS,Y,PEUGEOT,BOXER,diesel,103,0,2021,5,0,35000,5400.000000000001,2500,12250.0,0,55150.0
424,STELLANTIS,A,PEUGEOT,TOURNEO,diesel,121,0,2021,5,0,35000,5400.000000000001,2500,12250.0,0,55150.0
425,STELLANTIS,E,PEUGEOT,RIFTER,diesel,96,0,2021,5,0,35000,5400.000000000001,2500,12250.0,0,55150.0
426,STELLANTIS,F,PEUGEOT,508,petrol,165,0,2021,5,0,30000,5400.000000000001,2500,10500.0,0,48400.0
427,STELLANTIS,U,PEUGEOT,208,diesel,75,0,2021,5,0,35000,5400.000000000001,2500,12250.0,0,55150.0
428,STELLANTIS,U,PEUGEOT,2008,diesel,75,0,2021,4,0,35000,4320.000000000001,2500,12250.0,0,54070.0
429,STELLANTIS,L,PEUGEOT,308,petrol,193,0,2021,5,0,30000,5400.000000000001,2500,10500.0,0,48400.0
430,STELLANTIS,M,PEUGEOT,5008,diesel,96,0,2021,5,0,35000,5400.000000000001,2500,12250.0,0,55150.0
431,STELLANTIS,P,PEUGEOT,108,petrol,53,0,2021,5,0,30000,5400.000000000001,2500,10500.0,0,48400.0
432,STELLANTIS,E,OPEL,COMBO LIFE,petrol,81,0,2021,7,0,30000,7560.000000000002,2500,10500.0,0,50560.0
433,STELLANTIS,MW,OPEL,MOVANO,diesel,110,0,2021,10,0,35000,10800.000000000002,2500,12250.0,0,60550.0
434,STELLANTIS,Z,OPEL,GRANDLAND X,petrol,133,0,2021,7,0,30000,7560.000000000002,2500,10500.0,0,50560.0
435,STELLANTIS,Z-B,OPEL,INSIGNIA GRAND SPORT,diesel,100,0,2021,5,0,35000,5400.000000000001,2500,12250.0,0,55150.0
436,STELLANTIS,Z-B,OPEL,INSIGNIA SPORTS TOURER,petrol,121,0,2021,7,0,30000,7560.000000000002,2500,10500.0,0,50560.0
437,STELLANTIS,V,OPEL,ZAFIRA LIFE,diesel,88,0,2021,7,0,35000,7560.000000000002,2500,12250.0,0,57310.0
438,STELLANTIS,B-K,OPEL,ASTRA SPORTS TOURER,diesel,77,0,2021,4,0,35000,4320.000000000001,2500,12250.0,0,54070.0
439,STELLANTIS,B-K,OPEL,ASTRA+,petrol,81,0,2021,5,0,30000,5400.000000000001,2500,10500.0,0,48400.0
440,STELLANTIS,B-K,OPEL,ASTRA,petrol,81,0,2021,5,0,30000,5400.000000000001,2500,10500.0,0,48400.0
441,RENAULT-NISSAN-MITSUBISHI,SR,DACIA,DUSTER,lpg,67,0,2021,6,0,32000,6480.0,2500,11200.0,0,52180.0
442,RENAULT-NISSAN-MITSUBISHI,RJB,RENAULT,CAPTUR,lpg,74,0,2021,6,0,32000,6480.0,2500,11200.0,0,52180.0
443,RENAULT-NISSAN-MITSUBISHI,SD,DACIA,SANDERO,lpg,74,0,2021,6,0,32000,6480.0,2500,11200.0,0,52180.0
444,RENAULT-NISSAN-MITSUBISHI,SD,DACIA,LODGY,lpg,80,0,2021,6,0,32000,6480.0,2500,11200.0,0,52180.0
445,RENAULT-NISSAN-MITSUBISHI,RJA,RENAULT,CLIO,lpg,74,0,2021,6,0,32000,6480.0,2500,11200.0,0,52180.0
446,BMW,G21,BMW,320D XDRIVE,diesel,140,0,2021,6,0,35000,6480.0,2500,12250.0,0,56230.0
447,BMW,G3X,BMW,X3 XDRIVE 20D,diesel,140,0,2021,6,0,35000,6480.0,2500,12250.0,0,56230.0
448,BMW,U11,BMW,X1 XDRIVE 20D,diesel,145,0,2021,6,0,35000,6480.0,2500,12250.0,0,56230.0
449,BMW,G5L,BMW,520d,diesel,140,0,2021,6,0,35000,6480.0,2500,12250.0,0,56230.0
450,BMW,G5K,BMW,530d,diesel,195,0,2021,6,0,35000,6480.0,2500,12250.0,0,56230.0
451,BMW,G5X,BMW,X5 XDRIVE 30D,diesel,210,0,2021,6,0,35000,6480.0,2500,12250.0,0,56230.0
452,BMW,G6GT,BMW,630d,diesel,210,0,2021,6,0,35000,6480.0,2500,12250.0,0,56230.0
453,BMW,FMK,MINI,Clubman Cooper SD,diesel,140,0,2021,6,0,35000,6480.0,2500,12250.0,0,56230.0
454,HYUNDAI,TM,HYUNDAI,SANTAFE,diesel,147,0,2021,6,0,35000,6480.0,2500,12250.0,0,56230.0
455,HYUNDAI,TQ,HYUNDAI,"H-1,STAREX,GRANDSTAREX",diesel,100,0,2021,6,0,35000,6480.0,2500,12250.0,0,56230.0
456,RENAULT-NISSAN-MITSUBISHI,J11,NISSAN,NISSAN QASHQAI,diesel,85,0,2021,6,0,35000,6480.0,2500,12250.0,0,56230.0
457,BMW,G5K,BMW,530D XDRIVE,diesel,210,0,2021,6,0,35000,6480.0,2500,12250.0,0,56230.0
458,RENAULT-NISSAN-MITSUBISHI,RZG,RENAULT,KOLEOS,diesel,140,0,2021,6,0,35000,6480.0,2500,12250.0,0,56230.0
459,RENAULT-NISSAN-MITSUBISHI,W,RENAULT,KANGOO,diesel,59,0,2021,6,0,35000,6480.0,2500,12250.0,0,56230.0
460,MAZDA-SUBARU-SUZUKI-TOYOTA,GH,MAZDA,MAZDA6,diesel,135,0,2021,6,0,35000,6480.0,2500,12250.0,0,56230.0
461,MAZDA-SUBARU-SUZUKI-TOYOTA,KF,MAZDA,MAZDA CX-5,diesel,135,0,2021,6,0,35000,6480.0,2500,12250.0,0,56230.0
462,RENAULT-NISSAN-MITSUBISHI,RFA,RENAULT,SCENIC,diesel,88,0,2021,6,0,35000,6480.0,2500,12250.0,0,56230.0
463,RENAULT-NISSAN-MITSUBISHI,RFE,RENAULT,KADJAR,diesel,85,0,2021,6,0,35000,6480.0,2500,12250.0,0,56230.0
464,KIA,NQ5E,KIA,NQ5E PROTO,diesel,150,0,2021,6,0,35000,6480.0,2500,12250.0,0,56230.0
465,BMW,G3L,BMW,M340d xDrive,diesel,250,0,2021,6,0,35000,6480.0,2500,12250.0,0,56230.0
466,BMW,G3L,BMW,330d xDrive,diesel,195,0,2021,6,0,35000,6480.0,2500,12250.0,0,56230.0
467,BMW,F1X,BMW,X1 xDrive20d,diesel,140,0,2021,6,0,35000,6480.0,2500,12250.0,0,56230.0
468,MERCEDES-BENZ,R1ES,MERCEDES-BENZ,E 300 D 4MATIC,diesel,195,0,2021,6,0,35000,6480.0,2500,12250.0,0,56230.0
469,MERCEDES-BENZ,R1ES,MERCEDES-BENZ,E 220 D 4MATIC,diesel,143,0,2021,6,0,35000,6480.0,2500,12250.0,0,56230.0
470,MERCEDES-BENZ,R1ECLS,MERCEDES-BENZ,CLS 220 D,diesel,143,0,2021,6,0,35000,6480.0,2500,12250.0,0,56230.0
471,MERCEDES-BENZ,F2B,MERCEDES-BENZ,GLB 180 D,diesel,85,0,2021,6,0,35000,6480.0,2500,12250.0,0,56230.0
472,MERCEDES-BENZ,F2B,MERCEDES-BENZ,GLB 220 D,diesel,140,0,2021,6,0,35000,6480.0,2500,12250.0,0,56230.0
473,MERCEDES-BENZ,F2B,MERCEDES-BENZ,GLB 220 D 4MATIC,diesel,140,0,2021,6,0,35000,6480.0,2500,12250.0,0,56230.0
474,MERCEDES-BENZ,204 K,MERCEDES-BENZ,C 300 D 4MATIC,diesel,180,0,2021,6,0,35000,6480.0,2500,12250.0,0,56230.0
475,MERCEDES-BENZ,F2A,MERCEDES-BENZ,A 220 D 4MATIC,diesel,140,0,2021,6,0,35000,6480.0,2500,12250.0,0,56230.0
476,RENAULT-NISSAN-MITSUBISHI,J4,NISSAN,NISSAN NV300,diesel,125,0,2021,6,0,35000,6480.0,2500,12250.0,0,56230.0
477,RENAULT-NISSAN-MITSUBISHI,JL,RENAULT,TRAFIC,diesel,107,0,2021,6,0,35000,6480.0,2500,12250.0,0,56230.0
478,RENAULT-NISSAN-MITSUBISHI,RFC,RENAULT,ESPACE,diesel,147,0,2021,6,0,35000,6480.0,2500,12250.0,0,56230.0
479,RENAULT-NISSAN-MITSUBISHI,L,RENAULT,TRAFFIC,diesel,88,0,2021,6,0,35000,6480.0,2500,12250.0,0,56230.0
480,MERCEDES-BENZ,F2B,MERCEDES-BENZ,GLB 200 D,diesel,110,0,2021,6,0,35000,6480.0,2500,12250.0,0,56230.0
481,MERCEDES-BENZ,F2B,MERCEDES-BENZ,GLB 200 D 4MATIC,diesel,110,0,2021,6,0,35000,6480.0,2500,12250.0,0,56230.0
482,BMW,F2X,BMW,X2 xDrive18d,diesel,110,0,2021,6,0,35000,6480.0,2500,12250.0,0,56230.0
483,RENAULT-NISSAN-MITSUBISHI,M9,NISSAN,NISSAN NV400,diesel,110,0,2021,6,0,35000,6480.0,2500,12250.0,0,56230.0
484,"VOLKSWAGEN, VW",AUV,"VOLKSWAGEN, VW",GOLF SPORTSVAN,diesel,110,0,2021,6,0,35000,6480.0,2500,12250.0,0,56230.0
485,BMW,F2GT,BMW,218d xDrive Gran Tourer,diesel,110,0,2021,6,0,35000,6480.0,2500,12250.0,0,56230.0
486,BMW,FML2,MINI,One,petrol,75,0,2021,6,0,30000,6480.0,2500,10500.0,0,49480.0
487,MERCEDES-BENZ,451,SMART,FORTWO COUPE,petrol,66,0,2021,6,0,30000,6480.0,2500,10500.0,0,49480.0
488,STELLANTIS,S-D,OPEL,ADAM,petrol,51,0,2021,6,0,30000,6480.0,2500,10500.0,0,49480.0
489,RENAULT-NISSAN-MITSUBISHI,AH,RENAULT,TWINGO,petrol,68,0,2021,6,0,30000,6480.0,2500,10500.0,0,49480.0
490,MINI,COOPERS,MINI,COOPER S,petrol,141,0,2021,6,0,30000,6480.0,2500,10500.0,0,49480.0
491,RENAULT-NISSAN-MITSUBISHI,SD,DACIA,DOKKER,petrol,85,0,2021,6,0,30000,6480.0,2500,10500.0,0,49480.0
492,MAZDA-SUBARU-SUZUKI-TOYOTA,BPE,MAZDA,MAZDA3,petrol,132,0,2021,6,0,30000,6480.0,2500,10500.0,0,49480.0
493,MAZDA-SUBARU-SUZUKI-TOYOTA,XW3(A),TOYOTA,TOYOTA PRIUS PLUS,petrol,73,0,2021,6,0,30000,6480.0,2500,10500.0,0,49480.0
494,MAZDA-SUBARU-SUZUKI-TOYOTA,XE2(A),LEXUS,LEXUS IS300H,petrol,133,0,2021,6,0,30000,6480.0,2500,10500.0,0,49480.0
495,MAZDA-SUBARU-SUZUKI-TOYOTA,"XC1(EU,M)",LEXUS,LEXUS RC300H,petrol,133,0,2021,6,0,30000,6480.0,2500,10500.0,0,49480.0
496,MAZDA-SUBARU-SUZUKI-TOYOTA,"ZA1(EU,M)",LEXUS,LEXUS UX250H,petrol,112,0,2021,6,0,30000,6480.0,2500,10500.0,0,49480.0
497,"VOLKSWAGEN, VW",CS,"VOLKSWAGEN, VW",TAIGO,petrol,110,0,2021,6,0,30000,6480.0,2500,10500.0,0,49480.0
498,MAZDA-SUBARU-SUZUKI-TOYOTA,"XV7(EU,M)",TOYOTA,TOYOTA CAMRY,petrol,131,0,2021,6,0,30000,6480.0,2500,10500.0,0,49480.0
499,KIA,CD,KIA,CEED,petrol,103,0,2021,6,0,30000,6480.0,2500,10500.0,0,49480.0
500,KIA,CD,KIA,PROCEED,petrol,150,0,2021,6,0,30000,6480.0,2500,10500.0,0,49480.0
501,KIA,YB,KIA,RIO,petrol,74,0,2021,6,0,30000,6480.0,2500,10500.0,0,49480.0
502,BMW,F1X,BMW,X1 XDRIVE 20I,petrol,141,0,2021,6,0,30000,6480.0,2500,10500.0,0,49480.0
503,BMW,U11,BMW,X1 SDRIVE 18I,petrol,100,0,2021,6,0,30000,6480.0,2500,10500.0,0,49480.0
504,BMW,G20,BMW,M3 40I XDRIVE,petrol,285,0,2021,6,0,30000,6480.0,2500,10500.0,0,49480.0
505,BMW,CR4,BMW,CR4,petrol,300,0,2021,6,0,30000,6480.0,2500,10500.0,0,49480.0
506,BMW,G12,BMW,M850I XDRIVE,petrol,390,0,2021,6,0,30000,6480.0,2500,10500.0,0,49480.0
507,BMW,G29,BMW,Z4 SDRIVE 20I,petrol,145,0,2021,6,0,30000,6480.0,2500,10500.0,0,49480.0
508,BMW,G80,BMW,M3 COMPETITION,petrol,375,0,2021,6,0,30000,6480.0,2500,10500.0,0,49480.0
509,BMW,G30,BMW,M3,petrol,331,0,2021,6,0,30000,6480.0,2500,10500.0,0,49480.0
510,BMW,F87,BMW,M8,petrol,441,0,2021,6,0,30000,6480.0,2500,10500.0,0,49480.0
511,BMW,U2AT,BMW,223I ACTIVE TOURER,petrol,150,0,2021,6,0,30000,6480.0,2500,10500.0,0,49480.0
512,BMW,G01,BMW,X3 XDRIVE 30I,petrol,185,0,2021,6,0,30000,6480.0,2500,10500.0,0,49480.0
513,BMW,G60,BMW,540I XDRIVE,petrol,280,0,2021,6,0,30000,6480.0,2500,10500.0,0,49480.0
514,BMW,X5XDRIVE40I,BMW,X5 XDRIVE 40I,petrol,250,0,2021,6,0,30000,6480.0,2500,10500.0,0,49480.0
515,BMW,X4MCOMPETITION,BMW,X4 M,petrol,375,0,2021,6,0,30000,6480.0,2500,10500.0,0,49480.0
516,BMW,F2GC,BMW,218i,petrol,103,0,2021,6,0,30000,6480.0,2500,10500.0,0,49480.0
517,HYUNDAI,AC3,HYUNDAI,TUCSON IX35,petrol,110,0,2021,6,0,30000,6480.0,2500,10500.0,0,49480.0
518,HYUNDAI,IA,HYUNDAI,I10,petrol,49,0,2021,6,0,30000,6480.0,2500,10500.0,0,49480.0
519,HYUNDAI,GB,HYUNDAI,"I20, I20 ACTIVE",petrol,55,0,2021,6,0,30000,6480.0,2500,10500.0,0,49480.0
520,HYUNDAI,BC3,HYUNDAI,BAYON,petrol,74,0,2021,6,0,30000,6480.0,2500,10500.0,0,49480.0
521,HYUNDAI,PDE,HYUNDAI,I 30 N,petrol,206,0,2021,6,0,30000,6480.0,2500,10500.0,0,49480.0
522,STELLANTIS,D-A,OPEL,KARL / VIVA,petrol,54,0,2021,6,0,30000,6480.0,2500,10500.0,0,49480.0
523,RENAULT-NISSAN-MITSUBISHI,K14,NISSAN,NISSAN MICRA,petrol,74,0,2021,6,0,30000,6480.0,2500,10500.0,0,49480.0
524,RENAULT-NISSAN-MITSUBISHI,F16,NISSAN,NISSAN JUKE,petrol,86,0,2021,6,0,30000,6480.0,2500,10500.0,0,49480.0
525,MERCEDES-BENZ,F2B,MERCEDES-BENZ,B 160,petrol,80,0,2021,6,0,30000,6480.0,2500,10500.0,0,49480.0
526,MERCEDES-BENZ,F2B,MERCEDES-BENZ,B 180,petrol,100,0,2021,6,0,30000,6480.0,2500,10500.0,0,49480.0
527,MERCEDES-BENZ,F2A,MERCEDES-BENZ,A 200,petrol,120,0,2021,6,0,30000,6480.0,2500,10500.0,0,49480.0
528,MERCEDES-BENZ,F2A,MERCEDES-BENZ,A 180,petrol,100,0,2021,6,0,30000,6480.0,2500,10500.0,0,49480.0
529,MERCEDES-BENZ,F2CLA,MERCEDES-BENZ,CLA 200,petrol,120,0,2021,6,0,30000,6480.0,2500,10500.0,0,49480.0
530,RENAULT-NISSAN-MITSUBISHI,RJL,RENAULT,ARKANA,petrol,103,0,2021,6,0,30000,6480.0,2500,10500.0,0,49480.0
531,FORD,WA6,FORD,GALAXY,diesel,140,0,2021,6,0,35000,6480.0,2500,12250.0,0,56230.0
532,FORD,BA7,FORD,MONDEO,diesel,140,0,2021,6,0,35000,6480.0,2500,12250.0,0,56230.0
533,FORD,JU2,FORD,TOURNEO COURIER,diesel,74,0,2021,6,0,35000,6480.0,2500,12250.0,0,56230.0
534,FORD,JU2,FORD,TRANSIT COURIER,diesel,55,0,2021,6,0,35000,6480.0,2500,12250.0,0,56230.0
535,FORD,PJ2,FORD,TOURNEO CONNECT,diesel,74,0,2021,6,0,35000,6480.0,2500,12250.0,0,56230.0
536,FORD,DXA,FORD,C-MAX,petrol,92,0,2021,6,0,30000,6480.0,2500,10500.0,0,49480.0
537,FORD,LAE,FORD,MUSTANG,petrol,330,0,2021,6,0,30000,6480.0,2500,10500.0,0,49480.0
538,FORD,WAH,FORD,FORD GT,petrol,463,0,2021,6,0,30000,6480.0,2500,10500.0,0,49480.0
539,FORD,JK8,FORD,ECOSPORT,diesel,92,0,2021,6,0,35000,6480.0,2500,12250.0,0,56230.0
540,FORD,J2K,FORD,PUMA,petrol,114,0,2021,6,0,30000,6480.0,2500,10500.0,0,49480.0
541,FORD,PJ2,FORD,TRANSIT CONNECT,diesel,74,0,2021,6,0,35000,6480.0,2500,12250.0,0,56230.0
542,MERCEDES-BENZ,204 X,MERCEDES-BENZ,GLC 300 E 4MATIC,hybrid petrol,155,299,2021,3,42,30000,3240.0,2500,10500.0,0,46240.0
543,MERCEDES-BENZ,R2S,MERCEDES-BENZ,S 580 E,hybrid petrol,270,251,2021,1,102,30000,1080.0000000000002,2500,10500.0,0,44080.0
544,MERCEDES-BENZ,F2B,MERCEDES-BENZ,B 250 E,hybrid petrol,118,198,2021,1,63,30000,1080.0000000000002,2500,10500.0,0,44080.0
545,MERCEDES-BENZ,H1GLE,MERCEDES-BENZ,GLE 350 E 4MATIC,hybrid petrol,155,268,2021,1,96,30000,1080.0000000000002,2500,10500.0,0,44080.0
546,MERCEDES-BENZ,H1GLE,MERCEDES-BENZ,GLE 350 E 4MATIC COUPE,hybrid petrol,155,269,2021,1,96,30000,1080.0000000000002,2500,10500.0,0,44080.0
547,MERCEDES-BENZ,F2B,MERCEDES-BENZ,GLA 250 E,hybrid petrol,118,214,2021,2,59,30000,2160.0000000000005,2500,10500.0,0,45160.0
548,MERCEDES-BENZ,F2A,MERCEDES-BENZ,A 250 E,hybrid petrol,118,214,2021,1,70,30000,1080.0000000000002,2500,10500.0,0,44080.0
549,MERCEDES-BENZ,204,MERCEDES-BENZ,C 300 E,hybrid petrol,155,239,2021,2,51,30000,2160.0000000000005,2500,10500.0,0,45160.0
550,MERCEDES-BENZ,F2CLA,MERCEDES-BENZ,CLA 250 E,hybrid petrol,118,220,2021,1,68,30000,1080.0000000000002,2500,10500.0,0,44080.0
551,MERCEDES-BENZ,204 X,MERCEDES-BENZ,GLC 300 DE 4MATIC,hybrid diesel,143,273,2021,2,43,35000,2160.0000000000005,2500,12250.0,0,51910.0
552,MERCEDES-BENZ,R1ES,MERCEDES-BENZ,E 300 DE 4MATIC,hybrid diesel,143,243,2021,2,49,35000,2160.0000000000005,2500,12250.0,0,51910.0
553,MERCEDES-BENZ,R1ES,MERCEDES-BENZ,E 300 DE,hybrid diesel,143,255,2021,2,45,35000,2160.0000000000005,2500,12250.0,0,51910.0
554,MERCEDES-BENZ,H1GLE,MERCEDES-BENZ,GLE 350 DE 4MATIC,hybrid diesel,143,323,2021,1,95,35000,1080.0000000000002,2500,12250.0,0,50830.0
555,MERCEDES-BENZ,H1GLE,MERCEDES-BENZ,GLE 350 DE 4MATIC COUPE,hybrid diesel,143,337,2021,5,91,35000,5400.000000000001,2500,12250.0,0,55150.0
556,MERCEDES-BENZ,204,MERCEDES-BENZ,C 300 DE,hybrid diesel,143,212,2021,1,53,35000,1080.0000000000002,2500,12250.0,0,50830.0
557,BMW,G5X,BMW,X5 xDrive45e,hybrid petrol,210,247,2021,1,82,30000,1080.0000000000002,2500,10500.0,0,44080.0
558,BMW,G3X,BMW,X3 xDrive30e,hybrid petrol,135,190,2021,2,49,30000,2160.0000000000005,2500,10500.0,0,45160.0
559,"VOLKSWAGEN, VW",CR,"VOLKSWAGEN, VW",TOUAREG R,hybrid petrol,250,248,2021,6,53,30000,6480.0,2500,10500.0,0,49480.0
560,TESLA,LW,LAND ROVER,RANGE ROVER SPORT,hybrid petrol,221,254,2021,11,50,30000,11880.0,2500,10500.0,0,54880.0
561,VOLVO,U,VOLVO,XC60 T8 TWIN ENGINE,hybrid petrol,223,173,2021,7,49,30000,7560.000000000002,2500,10500.0,0,50560.0
562,VOLVO,L,VOLVO,XC90 T8 TWIN ENGINE,hybrid petrol,223,182,2021,7,49,30000,7560.000000000002,2500,10500.0,0,50560.0
563,FORD,WUJ,FORD,EXPLORER,hybrid petrol,267,220,2021,6,48,30000,6480.0,2500,10500.0,0,49480.0
564,BMW,G5L,BMW,530e iPerformance,hybrid petrol,135,168,2021,2,52,30000,2160.0000000000005,2500,10500.0,0,45160.0
565,BMW,BMWi-2,BMW I,i8,hybrid petrol,170,139,2021,2,52,30000,2160.0000000000005,2500,10500.0,0,45160.0
566,"VOLKSWAGEN, VW",CD,"VOLKSWAGEN, VW",GOLF GTE,hybrid petrol,110,146,2021,6,70,30000,6480.0,2500,10500.0,0,49480.0
567,MAZDA-SUBARU-SUZUKI-TOYOTA,"XW5P(EU,M)",TOYOTA,TOYOTA PRIUS PHV,hybrid petrol,72,99,2021,1,45,30000,1080.0000000000002,2500,10500.0,0,44080.0
568,BMW,7L,BMW,745e,hybrid petrol,210,188,2021,2,50,30000,2160.0000000000005,2500,10500.0,0,45160.0
569,BMW,7L,BMW,745Le xDrive,hybrid petrol,210,200,2021,2,46,30000,2160.0000000000005,2500,10500.0,0,45160.0
570,BMW,G3L,BMW,330e,hybrid petrol,135,173,2021,2,57,30000,2160.0000000000005,2500,10500.0,0,45160.0
571,BMW,G3L,BMW,320e,hybrid petrol,120,178,2021,2,53,30000,2160.0000000000005,2500,10500.0,0,45160.0
572,BMW,G5K,BMW,530e xDrive,hybrid petrol,135,190,2021,2,51,30000,2160.0000000000005,2500,10500.0,0,45160.0
573,BMW,G5L,BMW,545e xDrive,hybrid petrol,210,178,2021,2,54,30000,2160.0000000000005,2500,10500.0,0,45160.0
574,VOLVO,Z,VOLVO,S60 T8 TWIN ENGINE,hybrid petrol,223,167,2021,7,59,30000,7560.000000000002,2500,10500.0,0,50560.0
575,VOLVO,P,VOLVO,S90 T8 TWIN ENGINE,hybrid petrol,223,169,2021,7,54,30000,7560.000000000002,2500,10500.0,0,50560.0
576,VOLVO,P,VOLVO,V90 T8 TWIN ENGINE,hybrid petrol,223,174,2021,7,54,30000,7560.000000000002,2500,10500.0,0,50560.0
577,VOLVO,X,VOLVO,XC40 T5 TWIN ENGINE,hybrid petrol,132,160,2021,7,50,30000,7560.000000000002,2500,10500.0,0,50560.0
578,VOLVO,Z,VOLVO,V60 T6 TWIN ENGINE,hybrid petrol,186,162,2021,7,59,30000,7560.000000000002,2500,10500.0,0,50560.0
579,VOLVO,Z,VOLVO,V60 T8 TWIN ENGINE,hybrid petrol,223,161,2021,7,59,30000,7560.000000000002,2500,10500.0,0,50560.0
580,HYUNDAI,OS,HYUNDAI,KONA KAUAI,electric,100,143,2019,0,359,45000,0.0,2500,15749.999999999998,0,63250.0
581,DAIMLER AG,451,SMART,EQ FORFOUR,electric,41,193,2019,0,150,45000,0.0,2500,15749.999999999998,0,63250.0
582,RENAULT,AG,RENAULT,ZOE,electric,53,192,2019,0,367,45000,0.0,2500,15749.999999999998,0,63250.0
583,TATA MOTORS JAGUAR LAND ROVER,DH,JAGUAR,JAGUAR I-PACE,electric,172,248,2019,0,415,45000,0.0,2500,15749.999999999998,0,63250.0
584,MERCEDES-BENZ,451,SMART,EQ FORTWO COUPE,electric,41,167,2020,0,152,45000,0.0,2500,15749.999999999998,0,63250.0
585,MERCEDES-BENZ,204 X,MERCEDES-BENZ,EQC 400 4MATIC,electric,145,229,2020,0,454,45000,0.0,2500,15749.999999999998,0,63250.0
586,MERCEDES-BENZ,F2B,MERCEDES-BENZ,EQA 250,electric,80,186,2020,0,486,45000,0.0,2500,15749.999999999998,0,63250.0
587,MERCEDES-BENZ,639/2,MERCEDES-BENZ,EVITO TOURER,electric,70,287,2020,0,347,45000,0.0,2500,15749.999999999998,0,63250.0
588,MERCEDES-BENZ,451,MERCEDES-BENZ,EQ FORTWO CABRIO,electric,41,226,2020,0,124,45000,0.0,2500,15749.999999999998,0,63250.0
589,PSA-OPEL,1,CITROEN,C-ZERO,electric,35,126,2020,0,150,45000,0.0,2500,15749.999999999998,0,63250.0
590,VW GROUP PC,Y1A,PORSCHE,TAYCAN TURBO,electric,175,260,2020,0,420,45000,0.0,2500,15749.999999999998,0,63250.0
591,MINI,FML2E,MINI,COOPER SE,electric,75,148,2020,0,270,45000,0.0,2500,15749.999999999998,0,63250.0
592,TOYOTA-MAZDA,DR,MAZDA,MAZDA MX-30,electric,107,173,2020,0,237,45000,0.0,2500,15749.999999999998,0,63250.0
593,OPEL,1G0F,OPEL,AMPERA-E,electric,55,145,2020,0,520,45000,0.0,2500,15749.999999999998,0,63250.0
594,MERCEDES-BENZ,639/2,MERCEDES-BENZ,EQV,electric,70,292,2020,0,339,45000,0.0,2500,15749.999999999998,0,63250.0
595,PSA-OPEL,B,CITROEN,E-C4,electric,57,161,2020,0,350,45000,0.0,2500,15749.999999999998,0,63250.0
596,RENAULT-NISSAN-MITSUBISHI,ZE1,NISSAN,NISSAN LEAF,electric,160,185,2021,0,385,45000,0.0,2500,15749.999999999998,0,63250.0
597,MERCEDES-BENZ,E2EQSW,MERCEDES-BENZ,EQS 450+,electric,109,173,2021,0,718,45000,0.0,2500,15749.999999999998,0,63250.0
598,MERCEDES-BENZ,E2EQSW,MERCEDES-BENZ,EQS 580 4MATIC,electric,135,193,2021,0,645,45000,0.0,2500,15749.999999999998,0,63250.0
599,MERCEDES-BENZ,F2B,MERCEDES-BENZ,EQB 300 4MATIC,electric,139,185,2021,0,409,45000,0.0,2500,15749.999999999998,0,63250.0
600,MERCEDES-BENZ,F2B,MERCEDES-BENZ,EQB 350 4MATIC,electric,139,190,2021,0,399,45000,0.0,2500,15749.999999999998,0,63250.0
601,MERCEDES-BENZ,F2B,MERCEDES-BENZ,EQA 350 4MATIC,electric,139,179,2021,0,423,45000,0.0,2500,15749.999999999998,0,63250.0
602,STELLANTIS,E,OPEL,COMBO-E LIFE,electric,57,193,2021,0,285,45000,0.0,2500,15749.999999999998,0,63250.0
603,RENAULT-NISSAN-MITSUBISHI,ME0M,NISSAN,NISSAN E-NV200,electric,80,259,2021,0,200,45000,0.0,2500,15749.999999999998,0,63250.0
604,STELLANTIS,FA1,FIAT,500,electric,43,130,2021,0,190,45000,0.0,2500,15749.999999999998,0,63250.0
605,HYUNDAI,NE,HYUNDAI,IONIQ5,electric,53,168,2021,0,481,45000,0.0,2500,15749.999999999998,0,63250.0
606,RENAULT-NISSAN-MITSUBISHI,ZE1,NISSAN,NISSAN LEAF 40 KWH,electric,90,166,2021,0,285,45000,0.0,2500,15749.999999999998,0,63250.0
607,POLESTAR,V,POLESTAR,POLESTAR 2,electric,80,171,2021,0,267,45000,0.0,2500,15749.999999999998,0,63250.0
608,STELLANTIS,E,PEUGEOT,E-RIFTER,electric,57,200,2021,0,277,45000,0.0,2500,15749.999999999998,0,63250.0
609,RENAULT-NISSAN-MITSUBISHI,DBG,DACIA,SPRING,electric,33,152,2021,0,227,45000,0.0,2500,15749.999999999998,0,63250.0
610,MAZDA-SUBARU-SUZUKI-TOYOTA,"EZA1(EU,M)",LEXUS,LEXUS UX300E,electric,150,169,2021,0,312,45000,0.0,2500,15749.999999999998,0,63250.0
611,STELLANTIS,V,PEUGEOT,TRAVELLER,electric,57,270,2021,0,313,45000,0.0,2500,15749.999999999998,0,63250.0
612,STELLANTIS,V,PEUGEOT,EXPERT,electric,57,248,2021,0,224,45000,0.0,2500,15749.999999999998,0,63250.0
613,KIA,DE,KIA,NIRO,electric,147,159,2021,0,446,45000,0.0,2500,15749.999999999998,0,63250.0
614,VW-SAIC,KM,CUPRA,FORMENTOR VZ E-HYBRID,hybrid petrol,110,160,2021,8,61,30000,8640.000000000002,2500,10500.0,0,51640.0
615,VW-SAIC,Y1A,PORSCHE,TAYCAN 4S,electric,113,246,2020,0,365,45000,0.0,2500,15749.999999999998,0,63250.0
616,VW-SAIC,971,PORSCHE,PANAMERA 4,hybrid petrol,243,236,2021,11,61,30000,11880.0,2500,10500.0,0,54880.0
617,VW-SAIC,971,PORSCHE,PANAMERA 4S E-HYBRID,hybrid petrol,324,237,2021,11,59,30000,11880.0,2500,10500.0,0,54880.0
618,VW-SAIC,Y1A,PORSCHE,TAYCAN GTS,electric,142,259,2021,0,485,45000,0.0,2500,15749.999999999998,0,63250.0
619,VW-SAIC,9YA,PORSCHE,CAYENNE E-HYBRID,hybrid petrol,250,255,2021,11,55,30000,11880.0,2500,10500.0,0,54880.0
620,VW-SAIC,AS23P-L,"MG, ROEWE",MG RX6 PLUG-IN HYBRID,hybrid petrol,119,240,2021,2,52,30000,2160.0000000000005,2500,10500.0,0,45160.0
621,VW-SAIC,EP21,"MG, ROEWE",MG MARVEL R ELECTRIC,electric,212,209,2021,0,370,45000,0.0,2500,15749.999999999998,0,63250.0
622,VW-SAIC,ZS1,"MG, ROEWE",MG ZS EV,electric,105,186,2021,0,263,45000,0.0,2500,15749.999999999998,0,63250.0
623,VW-SAIC,CR,"VOLKSWAGEN, VW",TOUAREG EHYBRID,hybrid petrol,250,246,2021,6,57,30000,6480.0,2500,10500.0,0,49480.0
624,VW-SAIC,GE,AUDI,E-TRON SPORTBACK 50,electric,158,209,2021,0,380,45000,0.0,2500,15749.999999999998,0,63250.0
625,VW-SAIC,GE,AUDI,E-TRON 55,electric,158,232,2021,0,380,45000,0.0,2500,15749.999999999998,0,63250.0
626,VW-SAIC,GE,AUDI,E-TRON 50,electric,158,225,2021,0,380,45000,0.0,2500,15749.999999999998,0,63250.0
627,VW-SAIC,GE,AUDI,E-TRON SPORTBACK 55,electric,158,240,2021,0,380,45000,0.0,2500,15749.999999999998,0,63250.0
628,VW-SAIC,GE,AUDI,E-TRON S SPORTBACK,electric,226,283,2021,0,380,45000,0.0,2500,15749.999999999998,0,63250.0
629,VW-SAIC,GE,AUDI,E-TRON S,electric,226,288,2021,0,380,45000,0.0,2500,15749.999999999998,0,63250.0
630,VW-SAIC,GY,AUDI,A3 40 TFSIE,hybrid petrol,110,152,2021,7,72,30000,7560.000000000002,2500,10500.0,0,50560.0
631,VW-SAIC,F3,AUDI,Q3 SPORTBACK E-TRON,hybrid petrol,110,175,2021,7,57,30000,7560.000000000002,2500,10500.0,0,50560.0
632,VW-SAIC,F3,AUDI,Q3 E-TRON,hybrid petrol,110,161,2021,7,61,30000,7560.000000000002,2500,10500.0,0,50560.0
633,VW-SAIC,GY,AUDI,A3 45 TFSIe,hybrid petrol,110,150,2021,7,69,30000,7560.000000000002,2500,10500.0,0,50560.0
634,VW-SAIC,8V,AUDI,A3 40 E-TRON,hybrid petrol,110,138,2021,7,46,30000,7560.000000000002,2500,10500.0,0,50560.0
635,VW-SAIC,4L,AUDI,Q7 55 TFSI E,hybrid petrol,250,235,2021,7,59,30000,7560.000000000002,2500,10500.0,0,50560.0
636,VW-SAIC,4L,AUDI,Q8 55 TFSI E,hybrid petrol,250,250,2021,7,55,30000,7560.000000000002,2500,10500.0,0,50560.0
637,VW-SAIC,4L,AUDI,Q8 60 TFSI E,hybrid petrol,250,250,2021,7,55,30000,7560.000000000002,2500,10500.0,0,50560.0
638,VW-SAIC,4L,AUDI,Q7 60 TFSI E,hybrid petrol,250,238,2021,7,59,30000,7560.000000000002,2500,10500.0,0,50560.0
639,VW-SAIC,FY,AUDI,Q5 55 TFSI E,hybrid petrol,185,193,2021,7,52,30000,7560.000000000002,2500,10500.0,0,50560.0
640,VW-SAIC,FY,AUDI,Q5 50 TFSI E,hybrid petrol,185,195,2021,7,53,30000,7560.000000000002,2500,10500.0,0,50560.0
641,VW-SAIC,F2,AUDI,A7 50 TFSI E,hybrid petrol,185,181,2021,7,62,30000,7560.000000000002,2500,10500.0,0,50560.0
642,VW-SAIC,F2,AUDI,A6 50 TFSI E,hybrid petrol,185,172,2021,7,63,30000,7560.000000000002,2500,10500.0,0,50560.0
643,VW-SAIC,F2,AUDI,A6 55 TFSI E,hybrid petrol,185,184,2021,7,57,30000,7560.000000000002,2500,10500.0,0,50560.0
644,VW-SAIC,F2,AUDI,A7 55 TFSI E,hybrid petrol,185,187,2021,7,56,30000,7560.000000000002,2500,10500.0,0,50560.0
645,VW-SAIC,FY,AUDI,Q5 SPORTBACK 55 TFSI E,hybrid petrol,195,215,2021,7,67,30000,7560.000000000002,2500,10500.0,0,50560.0
646,VW-SAIC,FY,AUDI,Q5 SPORTBACK 50 TFSI E,hybrid petrol,195,211,2021,7,68,30000,7560.000000000002,2500,10500.0,0,50560.0
647,VW-SAIC,F2,AUDI,A6 AVANT 55 TFSI E,hybrid petrol,185,189,2021,7,56,30000,7560.000000000002,2500,10500.0,0,50560.0
648,VW-SAIC,F2,AUDI,A6 AVANT 50 TFSI E,hybrid petrol,195,189,2021,7,84,30000,7560.000000000002,2500,10500.0,0,50560.0
649,Volkswagen Group,SUV,Volkswagen,ID.4,electric,150,170,2025,0,500,32000,0.0,2500,11200.0,0,45700.0
650,Volkswagen Group,Hatchback,Volkswagen,ID.3,electric,150,160,2025,0,420,48000,0.0,2500,16800.0,0,67300.0
651,Volkswagen Group,SUV,Skoda,Enyaq,electric,150,170,2025,0,510,42000,0.0,2500,14699.999999999998,0,59200.0
652,Volkswagen Group,SUV,Skoda,Elroq,electric,150,170,2025,0,450,48000,0.0,2500,16800.0,0,67300.0
653,Volkswagen Group,SUV,Audi,Q4 e-tron,electric,150,170,2025,0,480,77000,0.0,2500,26950.0,0,106450.0
654,Volkswagen Group,SUV,Audi,Q8 e-tron,electric,300,210,2025,0,550,39990,0.0,2500,13996.5,0,56486.5
655,Tesla,Sedan,Tesla,Model 3,electric,200,160,2025,0,513,46990,0.0,2500,16446.5,0,65936.5
656,Tesla,SUV,Tesla,Model Y,electric,200,160,2025,0,514,31995,0.0,2500,11198.25,0,45693.25
657,Hyundai,SUV,Hyundai,Kona Electric,electric,150,140,2025,0,484,37745,0.0,2500,13210.75,0,53455.75
658,Hyundai,Hatchback,Hyundai,IONIQ 6,electric,168,150,2025,0,614,41995,0.0,2500,14698.249999999998,0,59193.25
659,Hyundai,Crossover,Hyundai,IONIQ 5,electric,168,160,2025,0,507,47000,0.0,2500,16450.0,0,65950.0
660,Kia,SUV,Kia,EV6,electric,168,170,2025,0,528,36790,0.0,2500,12876.5,0,52166.5
661,Kia,SUV,Kia,EV3,electric,150,150,2025,0,600,78000,0.0,2500,27300.0,0,107800.0
662,Kia,SUV,Kia,EV9,electric,283,210,2025,0,563,38946,0.0,2500,13631.1,0,55077.1
663,BYD,Sedan,BYD,Seal,electric,230,168,2025,0,570,29986,0.0,2500,10495.1,0,42981.1
664,BYD,Hatchback,BYD,Dolphin,electric,150,130,2025,0,427,37946,0.0,2500,13281.1,0,53727.1
665,BYD,SUV,BYD,Atto 3,electric,150,150,2025,0,420,29995,0.0,2500,10498.25,0,42993.25
666,MG,Hatchback,MG,MG4,electric,150,150,2025,0,435,31995,0.0,2500,11198.25,0,45693.25
667,MG,SUV,MG,ZS EV,electric,130,180,2025,0,320,28495,0.0,2500,9973.25,0,40968.25
668,Nissan,Hatchback,Nissan,Leaf,electric,110,173,2024,0,270,47800,0.0,2500,16730.0,0,67030.0
669,Nissan,SUV,Nissan,Ariya,electric,160,180,2025,0,500,37000,0.0,2500,12950.0,0,52450.0
670,Renault,Hatchback,Renault,Megane E-Tech Electric,electric,160,153,2025,0,450,43000,0.0,2500,15049.999999999998,0,60550.0
671,Renault,SUV,Renault,Scenic E-Tech Electric,electric,160,153,2025,0,625,16990,0.0,2500,5946.5,0,25436.5
672,Dacia,City,Dacia,Spring,electric,33,137,2025,0,230,32000,0.0,2500,11200.0,0,45700.0
673,Peugeot,Hatchback,Peugeot,e-208,electric,115,154,2025,0,410,34000,0.0,2500,11900.0,0,48400.0
674,Peugeot,SUV,Peugeot,e-2008,electric,115,154,2025,0,406,35849,0.0,2500,12547.15,0,50896.15
675,Opel,Hatchback,Opel,Corsa Electric,electric,115,154,2025,0,402,37000,0.0,2500,12950.0,0,52450.0
676,Opel,SUV,Opel,Mokka Electric,electric,115,154,2025,0,402,32000,0.0,2500,11200.0,0,45700.0
677,Citron,Hatchback,Citron,-C4,electric,100,154,2025,0,420,31000,0.0,2500,10850.0,0,44350.0
678,Citron,MPV,Citron,Ami (quadricycle),electric,6,75,2025,0,75,28500,0.0,2500,9975.0,0,40975.0
679,Fiat,City,Fiat,500e,electric,87,130,2025,0,320,25000,0.0,2500,8750.0,0,36250.0
680,Fiat,Supermini,Fiat,Panda Electric,electric,80,120,2025,0,320,37500,0.0,2500,13125.0,0,53125.0
681,Volvo,SUV,Volvo,EX30,electric,200,168,2025,0,480,56000,0.0,2500,19600.0,0,78100.0
682,Volvo,SUV,Volvo,EX40 (XC40 Recharge),electric,300,200,2025,0,510,66800,0.0,2500,23380.0,0,92680.0
683,BMW,Sedan,BMW,i4,electric,250,170,2025,0,493,56200,0.0,2500,19670.0,0,78370.0
684,BMW,SUV,BMW,iX1,electric,230,174,2025,0,439,72000,0.0,2500,25200.0,0,99700.0
685,BMW,SUV,BMW,iX3,electric,210,181,2025,0,461,62950,0.0,2500,22032.5,0,87482.5
686,Mercedes-Benz,SUV,Mercedes-Benz,EQA,electric,140,156,2025,0,426,69600,0.0,2500,24360.0,0,96460.0
687,Mercedes-Benz,SUV,Mercedes-Benz,EQB,electric,215,174,2025,0,419,91000,0.0,2500,31850.0,0,125350.0
688,Mercedes-Benz,SUV,Mercedes-Benz,EQE SUV,electric,300,180,2025,0,521,85000,0.0,2500,29750.0,0,117250.0
689,Mercedes-Benz,Sedan,Mercedes-Benz,EQE,electric,300,170,2025,0,593,75000,0.0,2500,26250.0,0,103750.0
690,Audi,Sedan,Audi,A6 e-tron,electric,300,170,2025,0,600,52000,0.0,2500,18200.0,0,72700.0
691,Polestar,Liftback,Polestar,2,electric,300,181,2025,0,551,55000,0.0,2500,19250.0,0,76750.0
692,Cupra (VW Group),SUV,Cupra,Tavascan,electric,210,185,2025,0,547,38500,0.0,2500,13475.0,0,54475.0
693,Cupra (VW Group),Hatchback,Cupra,Born,electric,170,160,2025,0,420,46950,0.0,2500,16432.5,0,65882.5
694,Toyota,SUV,Toyota,bZ4X,electric,150,168,2025,0,500,49995,0.0,2500,17498.25,0,69993.25
695,Subaru,SUV,Subaru,Solterra,electric,150,168,2025,0,460,42000,0.0,2500,14699.999999999998,0,59200.0
696,Peugeot,Saloon,Peugeot,e-308,electric,115,154,2025,0,410,41000,0.0,2500,14349.999999999998,0,57850.0
697,Opel,Estate,Opel,Astra Electric,electric,115,154,2025,0,418,50500,0.0,2500,17675.0,0,70675.0
698,Skoda (VW Group),Estate,Skoda,Superb iV (PHEV),hybrid petrol,150,212,2025,7,60,48200,7560.000000000002,2500,16870.0,0,75130.0
699,Volkswagen Group,SUV,Volkswagen,Tiguan eHybrid (PHEV),hybrid petrol,135,190,2025,7,100,56500,7560.000000000002,2500,19775.0,0,86335.0
700,BMW,SUV,BMW,X1 xDrive25e (PHEV),hybrid petrol,135,199,2025,7,80,81500,7560.000000000002,2500,28525.0,0,120085.0
701,Mercedes-Benz,SUV,Mercedes-Benz,GLC 300e (PHEV),hybrid petrol,145,189,2025,7,120,49200,7560.000000000002,2500,17220.0,0,76480.0
702,Ford,SUV,Ford,Kuga PHEV,hybrid petrol,110,190,2025,7,64,43200,7560.000000000002,2500,15119.999999999998,0,68380.0
703,Toyota,SUV,Toyota,RAV4 Hybrid (HEV),hybrid petrol,120,199,2025,7,60,30500,7560.000000000002,2500,10675.0,0,51235.0
704,Toyota,Crossover,Toyota,Yaris Cross Hybrid (HEV),hybrid petrol,110,198,2025,7,70,32500,7560.000000000002,2500,11375.0,0,53935.0
705,Toyota,Hatchback,Toyota,Corolla Hybrid (HEV),hybrid petrol,125,192,2025,7,64,42000,7560.000000000002,2500,14699.999999999998,0,66760.0
706,Hyundai,SUV,Hyundai,Tucson Hybrid (HEV),hybrid petrol,110,185,2025,7,120,41500,7560.000000000002,2500,14524.999999999998,0,66085.0
707,Kia,SUV,Kia,Sportage Hybrid (HEV),hybrid petrol,105,197,2025,7,70,37450,7560.000000000002,2500,13107.5,0,60617.5
708,Hyundai,SUV,Hyundai,Tucson,petrol,90,0,2025,6,0,37450,6480.0,2500,13107.5,0,59537.5
709,Skoda,Hatchback,Skoda,Octavia,petrol,90,0,2025,6,0,31650,6480.0,2500,11077.5,0,51707.5
710,Kia,SUV,Kia,Sportage,petrol,115,0,2025,6,0,35750,6480.0,2500,12512.5,0,57242.5
711,Toyota,SUV,Toyota,RAV4,hybrid petrol,115,212,2025,8,55,33000,8640.000000000002,2500,11550.0,0,55690.0
712,Toyota,Hatchback,Toyota,Corolla,hybrid petrol,110,190,2025,8,60,29500,8640.000000000002,2500,10325.0,0,50965.0
713,Toyota,Crossover,Toyota,Yaris Cross,hybrid petrol,115,199,2025,8,54,32400,8640.000000000002,2500,11340.0,0,54880.0
714,Volkswagen,Hatchback,Volkswagen,Golf,petrol,110,0,2025,7,0,32400,7560.000000000002,2500,11340.0,0,53800.0
715,Dacia,SUV,Dacia,Duster,petrol,100,0,2025,7,0,31340,7560.000000000002,2500,10969.0,0,52369.0
716,Renault,Estate,Renault,Megane,petrol,110,0,2025,7,0,31995,7560.000000000002,2500,11198.25,0,53253.25
717,Ford,Crossover,Ford,Puma,hybrid petrol,120,185,2025,8,60,57450,8640.000000000002,2500,20107.5,0,88697.5
718,BMW,Saloon,BMW,3 Series,diesel,140,0,2025,8,0,34800,8640.000000000002,2500,12180.0,0,58120.0
719,Audi,Hatchback,Audi,A3,petrol,135,0,2025,8,0,34800,8640.000000000002,2500,12180.0,0,58120.0
720,Mercedes-Benz,Saloon,Mercedes-Benz,C-Class,petrol,135,0,2025,8,0,56750,8640.000000000002,2500,19862.5,0,87752.5
